project_id,product_name,source_application_count,passage_contract_count,source_actions_before_claim,blocked_claim_until
row7,Nexus Research Pipeline,5,0,"Carry 5 source-application role(s) into the first build release and convert the most load-bearing source into a close-read contract before any quotation, page-specific citation, or strong literature-positioning claim.",at least one load-bearing source is converted from role assignment into a close-read note before citation-heavy or literature-positioning claims
native-murano,MuranoOS Research Operating Environment,5,0,"Carry 5 source-application role(s) into the first build release and convert the most load-bearing source into a close-read contract before any quotation, page-specific citation, or strong literature-positioning claim.",at least one load-bearing source is converted from role assignment into a close-read note before citation-heavy or literature-positioning claims
native-magnum-opus,Magnum Opus Scholarly Retrieval And Warrant System,6,0,"Carry 6 source-application role(s) into the first build release and convert the most load-bearing source into a close-read contract before any quotation, page-specific citation, or strong literature-positioning claim.",at least one load-bearing source is converted from role assignment into a close-read note before citation-heavy or literature-positioning claims
native-poison-rag,Retrieval Integrity And Poison-RAG Evaluation Harness,7,0,"Carry 7 source-application role(s) into the first build release and convert the most load-bearing source into a close-read contract before any quotation, page-specific citation, or strong literature-positioning claim.",at least one load-bearing source is converted from role assignment into a close-read note before citation-heavy or literature-positioning claims
row10,Structured Human-AI Analyst Workstation,6,0,"Carry 6 source-application role(s) into the first build release and convert the most load-bearing source into a close-read contract before any quotation, page-specific citation, or strong literature-positioning claim.",at least one load-bearing source is converted from role assignment into a close-read note before citation-heavy or literature-positioning claims
analytical-methods,Structured Analytic Technique Studio,6,0,"Carry 6 source-application role(s) into the first build release and convert the most load-bearing source into a close-read contract before any quotation, page-specific citation, or strong literature-positioning claim.",at least one load-bearing source is converted from role assignment into a close-read note before citation-heavy or literature-positioning claims
trilogy,Book Trilogy Manuscript Governance System,7,0,"Carry 7 source-application role(s) into the first build release and convert the most load-bearing source into a close-read contract before any quotation, page-specific citation, or strong literature-positioning claim.",at least one load-bearing source is converted from role assignment into a close-read note before citation-heavy or literature-positioning claims
poison-rag-defense-annex,Adversarial Evidence Corruption Technical Annex Harness,8,0,"Carry 8 source-application role(s) into the first build release and convert the most load-bearing source into a close-read contract before any quotation, page-specific citation, or strong literature-positioning claim.",at least one load-bearing source is converted from role assignment into a close-read note before citation-heavy or literature-positioning claims
russia-desk,Russia Source-To-Judgment Desk,7,0,"Carry 7 source-application role(s) into the first build release and convert the most load-bearing source into a close-read contract before any quotation, page-specific citation, or strong literature-positioning claim.",at least one load-bearing source is converted from role assignment into a close-read note before citation-heavy or literature-positioning claims
algorithmic-active-measures,Algorithmic Active Measures - data poisoning as counterintelligence tradecraft in AI-mediated intelligence analysis,5,0,"Carry 5 source-application role(s) into the first build release and convert the most load-bearing source into a close-read contract before any quotation, page-specific citation, or strong literature-positioning claim.",at least one load-bearing source is converted from role assignment into a close-read note before citation-heavy or literature-positioning claims
master-bundle-atlas,Master Bundle Packet Promotion Atlas,7,0,"Carry 7 source-application role(s) into the first build release and convert the most load-bearing source into a close-read contract before any quotation, page-specific citation, or strong literature-positioning claim.",at least one load-bearing source is converted from role assignment into a close-read note before citation-heavy or literature-positioning claims
cognitive-warfare,"Cognitive Warfare - counter-intelligence doctrine, operationalized into analytical instruments",5,1,"Complete 1 close-read contract(s), update 3 linked proof-capsule field(s), and preserve the current claim ceiling until passage notes exist.",the active close-read contracts have verified passage notes and linked proof-capsule updates
personal-os,"Personal OS - MuranoOS, a personal operating system, local workbench, and project foundation",5,0,"Carry 5 source-application role(s) into the first build release and convert the most load-bearing source into a close-read contract before any quotation, page-specific citation, or strong literature-positioning claim.",at least one load-bearing source is converted from role assignment into a close-read note before citation-heavy or literature-positioning claims
historical-studies,"Historical Studies - eleven historical and operational case studies, including the manuscript Trilogy",7,0,"Carry 7 source-application role(s) into the first build release and convert the most load-bearing source into a close-read contract before any quotation, page-specific citation, or strong literature-positioning claim.",at least one load-bearing source is converted from role assignment into a close-read note before citation-heavy or literature-positioning claims
row6,Scholarly Retrieval System - cross-disciplinary research library with a twelve-stage analytical-governance plane,7,1,"Complete 1 close-read contract(s), update 3 linked proof-capsule field(s), and preserve the current claim ceiling until passage notes exist.",the active close-read contracts have verified passage notes and linked proof-capsule updates
row14,Defensive Retrieval Research - future study on retrieval-augmented-generation poisoning,7,5,"Complete 5 close-read contract(s), update 15 linked proof-capsule field(s), and preserve the current claim ceiling until passage notes exist.",the active close-read contracts have verified passage notes and linked proof-capsule updates
row11,Retrieval Integrity Evaluation - testing Retrieval-Augmented Generation (RAG) against retrieval poisoning and false-source failure,7,4,"Complete 4 close-read contract(s), update 12 linked proof-capsule field(s), and preserve the current claim ceiling until passage notes exist.",the active close-read contracts have verified passage notes and linked proof-capsule updates
native-russia-history-room,Russia Historical Context Room,6,1,"Complete 1 close-read contract(s), update 3 linked proof-capsule field(s), and preserve the current claim ceiling until passage notes exist.",the active close-read contracts have verified passage notes and linked proof-capsule updates
native-russia-security-desk,Russia Security Desk,6,2,"Complete 2 close-read contract(s), update 6 linked proof-capsule field(s), and preserve the current claim ceiling until passage notes exist.",the active close-read contracts have verified passage notes and linked proof-capsule updates
structured-analysis-toolkit,Structured Techniques Toolkit - authoring and refinement workspace for disciplined analytic instruments,7,0,"Carry 7 source-application role(s) into the first build release and convert the most load-bearing source into a close-read contract before any quotation, page-specific citation, or strong literature-positioning claim.",at least one load-bearing source is converted from role assignment into a close-read note before citation-heavy or literature-positioning claims
mb-muranoos-handoff-pack-v3-1,* META: the Protocol v3.1 itself - consumed by every MuranoOS room handoff,5,1,"Complete 1 close-read contract(s), update 3 linked proof-capsule field(s), and preserve the current claim ceiling until passage notes exist.",the active close-read contracts have verified passage notes and linked proof-capsule updates
mb-muranoos-red-team-tranche-alpha-handoff-2026-04-14,Actual code patch: 170 KB unified diff + changed files,6,2,"Complete 2 close-read contract(s), update 6 linked proof-capsule field(s), and preserve the current claim ceiling until passage notes exist.",the active close-read contracts have verified passage notes and linked proof-capsule updates
mb-muranoos-red-team-handoff-execution-archive-2026-04-15,Adds Execution Charter + 7-gate acceptance + RT-01A/B/02/03/04 tracker,6,2,"Complete 2 close-read contract(s), update 6 linked proof-capsule field(s), and preserve the current claim ceiling until passage notes exist.",the active close-read contracts have verified passage notes and linked proof-capsule updates
mb-muranoos-red-team-handoff-hardened-2026-04-15,"Adds Signature Room Architecture (7 zones) + UI/UX Spec (9 objects, 7 engines)",6,2,"Complete 2 close-read contract(s), update 6 linked proof-capsule field(s), and preserve the current claim ceiling until passage notes exist.",the active close-read contracts have verified passage notes and linked proof-capsule updates
analytical-methodology,"Analytical Methodology - eleven discipline pages from a Georgetown Applied Intelligence curriculum, treating each analytical method as its own working surface",5,0,"Carry 5 source-application role(s) into the first build release and convert the most load-bearing source into a close-read contract before any quotation, page-specific citation, or strong literature-positioning claim.",at least one load-bearing source is converted from role assignment into a close-read note before citation-heavy or literature-positioning claims
mb-murano-os-annealed-refraction-chamber-handoff-done,Annealed Refraction Chamber,5,2,"Complete 2 close-read contract(s), update 6 linked proof-capsule field(s), and preserve the current claim ceiling until passage notes exist.",the active close-read contracts have verified passage notes and linked proof-capsule updates
applied-history,Applied History - lab for using historical case study to inform contemporary policy,6,4,"Complete 4 close-read contract(s), update 12 linked proof-capsule field(s), and preserve the current claim ceiling until passage notes exist.",the active close-read contracts have verified passage notes and linked proof-capsule updates
native-berlin,Berlin Occupation Zones and Refugee Crisis,7,4,"Complete 4 close-read contract(s), update 12 linked proof-capsule field(s), and preserve the current claim ceiling until passage notes exist.",the active close-read contracts have verified passage notes and linked proof-capsule updates
mb-muranoos-bias-atlas-conversation-to-murano-handoff-archive-2026-04-11,Bias Atlas,5,1,"Complete 1 close-read contract(s), update 3 linked proof-capsule field(s), and preserve the current claim ceiling until passage notes exist.",the active close-read contracts have verified passage notes and linked proof-capsule updates
mb-muranoos-briefing-forge-proper-handoff-archive-2026-04-14,Briefing Forge,5,2,"Complete 2 close-read contract(s), update 6 linked proof-capsule field(s), and preserve the current claim ceiling until passage notes exist.",the active close-read contracts have verified passage notes and linked proof-capsule updates
mb-muranoos-handoff-pass3-done,CI Tradecraft Chamber,5,1,"Complete 1 close-read contract(s), update 3 linked proof-capsule field(s), and preserve the current claim ceiling until passage notes exist.",the active close-read contracts have verified passage notes and linked proof-capsule updates
mb-murano-chamber-of-record-handoff,Chamber of Record,5,2,"Complete 2 close-read contract(s), update 6 linked proof-capsule field(s), and preserve the current claim ceiling until passage notes exist.",the active close-read contracts have verified passage notes and linked proof-capsule updates
mb-murano-chamber-handoff,Chamber of Refractions,5,2,"Complete 2 close-read contract(s), update 6 linked proof-capsule field(s), and preserve the current claim ceiling until passage notes exist.",the active close-read contracts have verified passage notes and linked proof-capsule updates
mb-muranoos-red-team-handoff-package-ready-2026-04-11,Cleanest 2-folder (GOVERNING/DERIVED); archive kept zipped,6,2,"Complete 2 close-read contract(s), update 6 linked proof-capsule field(s), and preserve the current claim ceiling until passage notes exist.",the active close-read contracts have verified passage notes and linked proof-capsule updates
mb-murano-codex-prism-handoff-v1,Codex Prism,5,2,"Complete 2 close-read contract(s), update 6 linked proof-capsule field(s), and preserve the current claim ceiling until passage notes exist.",the active close-read contracts have verified passage notes and linked proof-capsule updates
mb-muranoos-red-team-fresh-handoff-2026-04-16,Cold-start bootstrap; 3-variant GPT upload prompt (analysis/impl/design),6,1,"Complete 1 close-read contract(s), update 3 linked proof-capsule field(s), and preserve the current claim ceiling until passage notes exist.",the active close-read contracts have verified passage notes and linked proof-capsule updates
native-africa,Colonial Encounter in Africa,5,1,"Complete 1 close-read contract(s), update 3 linked proof-capsule field(s), and preserve the current claim ceiling until passage notes exist.",the active close-read contracts have verified passage notes and linked proof-capsule updates
mb-muranoos-red-team-proper-handoff-zip-2026-04-11,Committed Step 1 patch: unified diff + bundled zip + 8 Tauri commands,6,2,"Complete 2 close-read contract(s), update 6 linked proof-capsule field(s), and preserve the current claim ceiling until passage notes exist.",the active close-read contracts have verified passage notes and linked proof-capsule updates
mb-muranoos-red-team-continuation-handoff-2026-04-14,"Compact flat reference; 14 numbered authority docs; ""Workspace Depth I""",6,2,"Complete 2 close-read contract(s), update 6 linked proof-capsule field(s), and preserve the current claim ceiling until passage notes exist.",the active close-read contracts have verified passage notes and linked proof-capsule updates
mb-muranoos-culinary-atelier-handoff-package-2026-04-15,Culinary Atelier,5,0,"Carry 5 source-application role(s) into the first build release and convert the most load-bearing source into a close-read contract before any quotation, page-specific citation, or strong literature-positioning claim.",at least one load-bearing source is converted from role assignment into a close-read note before citation-heavy or literature-positioning claims
decision-advantage-system,Decision Advantage System - operating architecture for intelligence and security organizations,6,3,"Complete 3 close-read contract(s), update 9 linked proof-capsule field(s), and preserve the current claim ceiling until passage notes exist.",the active close-read contracts have verified passage notes and linked proof-capsule updates
row5,Defense Doctrine - defensive retrieval governance laboratory (claim-limit discipline),7,4,"Complete 4 close-read contract(s), update 12 linked proof-capsule field(s), and preserve the current claim ceiling until passage notes exist.",the active close-read contracts have verified passage notes and linked proof-capsule updates
mb-muranoos-dialectic-lab-handoff-pack-pass-2-2026-04-15,Dialectic Lab,5,1,"Complete 1 close-read contract(s), update 3 linked proof-capsule field(s), and preserve the current claim ceiling until passage notes exist.",the active close-read contracts have verified passage notes and linked proof-capsule updates
mb-muranoos-red-team-prism-observatory-handoff-package-v1,Doctrinally richest: 13 named subspaces × 10 modes; claim-evidence-confidence governance,7,2,"Complete 2 close-read contract(s), update 6 linked proof-capsule field(s), and preserve the current claim ceiling until passage notes exist.",the active close-read contracts have verified passage notes and linked proof-capsule updates
mb-murano-os-handoff-2026,Doctrine Forge Codex,5,2,"Complete 2 close-read contract(s), update 6 linked proof-capsule field(s), and preserve the current claim ceiling until passage notes exist.",the active close-read contracts have verified passage notes and linked proof-capsule updates
native-east-asia,East Asian War and Strategic Tradition,5,1,"Complete 1 close-read contract(s), update 3 linked proof-capsule field(s), and preserve the current claim ceiling until passage notes exist.",the active close-read contracts have verified passage notes and linked proof-capsule updates
mb-muranoos-failure-doctrine-lab-handoff-pack-2026-04-11,Failure Doctrine Lab,5,3,"Complete 3 close-read contract(s), update 9 linked proof-capsule field(s), and preserve the current claim ceiling until passage notes exist.",the active close-read contracts have verified passage notes and linked proof-capsule updates
mb-muranoos-fifth-dimension-lossless-continuation-archive-2026-04-13,Fifth Dimension,5,2,"Complete 2 close-read contract(s), update 6 linked proof-capsule field(s), and preserve the current claim ceiling until passage notes exist.",the active close-read contracts have verified passage notes and linked proof-capsule updates
mb-muranoos-red-team-proper-handoff-archive-2026-04-13,First fully-exploded Master_Package tree; Baltic Grey Zone materials,6,2,"Complete 2 close-read contract(s), update 6 linked proof-capsule field(s), and preserve the current claim ceiling until passage notes exist.",the active close-read contracts have verified passage notes and linked proof-capsule updates
mb-muranoos-red-team-proper-handoff-package-pass-1,Flat structure; 01_GOVERNING_SOURCES/ + flattened live files,7,2,"Complete 2 close-read contract(s), update 6 linked proof-capsule field(s), and preserve the current claim ceiling until passage notes exist.",the active close-read contracts have verified passage notes and linked proof-capsule updates
mb-muranoos-redteamlab-proper-handoff-package-2026-04-11,"Frozen ""Durable Analytical Core""; 12/13-field models per surface",6,1,"Complete 1 close-read contract(s), update 3 linked proof-capsule field(s), and preserve the current claim ceiling until passage notes exist.",the active close-read contracts have verified passage notes and linked proof-capsule updates
mb-glass-hearth-muranoos-handoff-package-2026-04-15,Glass Hearth,5,2,"Complete 2 close-read contract(s), update 6 linked proof-capsule field(s), and preserve the current claim ceiling until passage notes exist.",the active close-read contracts have verified passage notes and linked proof-capsule updates
mb-muranoos-glass-scriptorium-proper-handoff-archive-2026-04-11,Glass Scriptorium,5,2,"Complete 2 close-read contract(s), update 6 linked proof-capsule field(s), and preserve the current claim ceiling until passage notes exist.",the active close-read contracts have verified passage notes and linked proof-capsule updates
mb-murano-os-glass-station-handoff,Glass Station,5,2,"Complete 2 close-read contract(s), update 6 linked proof-capsule field(s), and preserve the current claim ceiling until passage notes exist.",the active close-read contracts have verified passage notes and linked proof-capsule updates
mb-muranoos-glassworksofcorrespondence-handoff-v0-1,Glassworks of Correspondence,5,2,"Complete 2 close-read contract(s), update 6 linked proof-capsule field(s), and preserve the current claim ceiling until passage notes exist.",the active close-read contracts have verified passage notes and linked proof-capsule updates
mb-murano-house-of-light-and-doom-handoff-v1,House of Light and Doom,5,2,"Complete 2 close-read contract(s), update 6 linked proof-capsule field(s), and preserve the current claim ceiling until passage notes exist.",the active close-read contracts have verified passage notes and linked proof-capsule updates
mb-muranoos-human-terrain-statecraft-proper-handoff-archive-v1-0,Human Terrain & Statecraft,5,2,"Complete 2 close-read contract(s), update 6 linked proof-capsule field(s), and preserve the current claim ceiling until passage notes exist.",the active close-read contracts have verified passage notes and linked proof-capsule updates
ir-lexicon,IR Lexicon - coined-term lexicon for modern foreign-affairs discourse,5,1,"Complete 1 close-read contract(s), update 3 linked proof-capsule field(s), and preserve the current claim ceiling until passage notes exist.",the active close-read contracts have verified passage notes and linked proof-capsule updates
mb-muranoos-red-team-lab-continuation-handoff-pack-2026-04-14,Introduces Vivarium codename; contradiction-graph table,6,2,"Complete 2 close-read contract(s), update 6 linked proof-capsule field(s), and preserve the current claim ceiling until passage notes exist.",the active close-read contracts have verified passage notes and linked proof-capsule updates
mb-muranoos-red-team-proper-handoff-pass-02-done,Judgment/status pass; L-01..L-04 non-blocking limitations,6,2,"Complete 2 close-read contract(s), update 6 linked proof-capsule field(s), and preserve the current claim ceiling until passage notes exist.",the active close-read contracts have verified passage notes and linked proof-capsule updates
mb-muranoos-red-team-proper-handoff-archive-2026-04-15,Largest (148 files); replay_overlay/ pinned to HEAD 039f2cd...; deterministic replay,6,2,"Complete 2 close-read contract(s), update 6 linked proof-capsule field(s), and preserve the current claim ceiling until passage notes exist.",the active close-read contracts have verified passage notes and linked proof-capsule updates
mb-muranoos-red-team-lab-handoff-package-2026-04-17,"Largest consolidated (137 files); pre-merged Steps 3-7 bundles; ""Workspace Restore""",6,2,"Complete 2 close-read contract(s), update 6 linked proof-capsule field(s), and preserve the current claim ceiling until passage notes exist.",the active close-read contracts have verified passage notes and linked proof-capsule updates
mb-muranoos-red-team-tranche1-handoff-package-2026-04-11,Leanest blueprint-only; only with named rollback doc,6,2,"Complete 2 close-read contract(s), update 6 linked proof-capsule field(s), and preserve the current claim ceiling until passage notes exist.",the active close-read contracts have verified passage notes and linked proof-capsule updates
mb-muranoos-redteam-tranche1-handoff-2026-04-15,Leanest pure-spec (16 KB); pages 11_OPEN_QUESTIONS,6,2,"Complete 2 close-read contract(s), update 6 linked proof-capsule field(s), and preserve the current claim ceiling until passage notes exist.",the active close-read contracts have verified passage notes and linked proof-capsule updates
mb-murano-os-lossless-study-room-handoff,Lossless Study Room,5,2,"Complete 2 close-read contract(s), update 6 linked proof-capsule field(s), and preserve the current claim ceiling until passage notes exist.",the active close-read contracts have verified passage notes and linked proof-capsule updates
mb-murano-os-lossless-synthesis-room-handoff,Lossless Synthesis (Magnum Opus Scriptorium),5,2,"Complete 2 close-read contract(s), update 6 linked proof-capsule field(s), and preserve the current claim ceiling until passage notes exist.",the active close-read contracts have verified passage notes and linked proof-capsule updates
mb-murano-mashup-room-handoff-v1,Mashup Intelligence Room,5,2,"Complete 2 close-read contract(s), update 6 linked proof-capsule field(s), and preserve the current claim ceiling until passage notes exist.",the active close-read contracts have verified passage notes and linked proof-capsule updates
native-mongol,Mongol Empire Military Systems,5,2,"Complete 2 close-read contract(s), update 6 linked proof-capsule field(s), and preserve the current claim ceiling until passage notes exist.",the active close-read contracts have verified passage notes and linked proof-capsule updates
mb-muranoos-red-team-tranche-ii-handoff-pack-2026-04-15,"Most self-contained; ""Analytical Memory and Provenance Spine""; 14 new commands",6,1,"Complete 1 close-read contract(s), update 3 linked proof-capsule field(s), and preserve the current claim ceiling until passage notes exist.",the active close-read contracts have verified passage notes and linked proof-capsule updates
mb-muranoos-red-team-build02-final-proper-handoff-2026-04-11,Only one WITHOUT the 802 KB nested archive; Build 02 scope,6,2,"Complete 2 close-read contract(s), update 6 linked proof-capsule field(s), and preserve the current claim ceiling until passage notes exist.",the active close-read contracts have verified passage notes and linked proof-capsule updates
mb-muranoos-red-team-prism-room-execution-handoff-2026-04-11,"Only one replacing ""Red Team Lab"" framing with ""Murano Prism Room"" world doctrine",6,2,"Complete 2 close-read contract(s), update 6 linked proof-capsule field(s), and preserve the current claim ceiling until passage notes exist.",the active close-read contracts have verified passage notes and linked proof-capsule updates
mb-muranoos-red-team-proper-handoff-package-2026-04-11,Only one with 07_Derivative_Handoff/; richest SQL DDL,6,2,"Complete 2 close-read contract(s), update 6 linked proof-capsule field(s), and preserve the current claim ceiling until passage notes exist.",the active close-read contracts have verified passage notes and linked proof-capsule updates
mb-muranoos-red-team-proper-handoff-archive-2026-04-11,Only one with 99_Preserved_Source_Archives/ + CURRENT_TRUTH_AT_A_GLANCE.md,7,1,"Complete 1 close-read contract(s), update 3 linked proof-capsule field(s), and preserve the current claim ceiling until passage notes exist.",the active close-read contracts have verified passage notes and linked proof-capsule updates
mb-muranoos-red-team-execution-ready-handoff-archive-2026-04-11,Only one with Build_02-Build_05 sequenced operator guides,6,2,"Complete 2 close-read contract(s), update 6 linked proof-capsule field(s), and preserve the current claim ceiling until passage notes exist.",the active close-read contracts have verified passage notes and linked proof-capsule updates
mb-muranoos-red-team-phase-iii-a-handoff-2026-04-11,"Only one with Shadi_SAT_Seed.json + ""Phase III-A"" naming",6,2,"Complete 2 close-read contract(s), update 6 linked proof-capsule field(s), and preserve the current claim ceiling until passage notes exist.",the active close-read contracts have verified passage notes and linked proof-capsule updates
mb-muranoos-red-team-handoff-package-v1-2026-04-11,Only one with V1_ROOM_CONSTITUTION.md,6,2,"Complete 2 close-read contract(s), update 6 linked proof-capsule field(s), and preserve the current claim ceiling until passage notes exist.",the active close-read contracts have verified passage notes and linked proof-capsule updates
native-mideast,Ottoman Palestine and Early Zionism,5,1,"Complete 1 close-read contract(s), update 3 linked proof-capsule field(s), and preserve the current claim ceiling until passage notes exist.",the active close-read contracts have verified passage notes and linked proof-capsule updates
mb-muranoos-red-team-phaseii-handoff-2026-04-14,Posture Compass 5-axis instrument; framing_tensions/rival_framing columns,6,2,"Complete 2 close-read contract(s), update 6 linked proof-capsule field(s), and preserve the current claim ceiling until passage notes exist.",the active close-read contracts have verified passage notes and linked proof-capsule updates
mb-muranoos-prism-chamber-murano-ready-package-2026-04-14,Prism Chamber,5,2,"Complete 2 close-read contract(s), update 6 linked proof-capsule field(s), and preserve the current claim ceiling until passage notes exist.",the active close-read contracts have verified passage notes and linked proof-capsule updates
mb-murano-os-prism-foundry-handoff,Prism Foundry,5,1,"Complete 1 close-read contract(s), update 3 linked proof-capsule field(s), and preserve the current claim ceiling until passage notes exist.",the active close-read contracts have verified passage notes and linked proof-capsule updates
mb-murano-os-prism-scriptorium-handoff-v1,Prism Scriptorium,5,2,"Complete 2 close-read contract(s), update 6 linked proof-capsule field(s), and preserve the current claim ceiling until passage notes exist.",the active close-read contracts have verified passage notes and linked proof-capsule updates
mb-murano-prismatic-agora-handoff-v1-0-done,Prismatic Agora,5,2,"Complete 2 close-read contract(s), update 6 linked proof-capsule field(s), and preserve the current claim ceiling until passage notes exist.",the active close-read contracts have verified passage notes and linked proof-capsule updates
mb-muranoos-redteam-rc1-2026-04-14,RC1 wrapper; front-loaded 00_RC_Handoff/,6,2,"Complete 2 close-read contract(s), update 6 linked proof-capsule field(s), and preserve the current claim ceiling until passage notes exist.",the active close-read contracts have verified passage notes and linked proof-capsule updates
mb-murano-reflexive-control-chamber-pass3,Reflexive Control Chamber,5,2,"Complete 2 close-read contract(s), update 6 linked proof-capsule field(s), and preserve the current claim ceiling until passage notes exist.",the active close-read contracts have verified passage notes and linked proof-capsule updates
regional-studies,"Regional Studies - eight place-based analytical pages (Africa, Berlin, East Asia, London, Mideast, Mongol, Russia, Western)",6,0,"Carry 6 source-application role(s) into the first build release and convert the most load-bearing source into a close-read contract before any quotation, page-specific citation, or strong literature-positioning claim.",at least one load-bearing source is converted from role assignment into a close-read note before citation-heavy or literature-positioning claims
mb-murano-os-rhetorium-proper-handoff-done-v1,Rhetorium,5,2,"Complete 2 close-read contract(s), update 6 linked proof-capsule field(s), and preserve the current claim ceiling until passage notes exist.",the active close-read contracts have verified passage notes and linked proof-capsule updates
mb-muranoos-lossless-room-master-handoff-v1,Room Master (constitution),5,2,"Complete 2 close-read contract(s), update 6 linked proof-capsule field(s), and preserve the current claim ceiling until passage notes exist.",the active close-read contracts have verified passage notes and linked proof-capsule updates
mb-murano-room-handoff-v1,Room template v1,5,2,"Complete 2 close-read contract(s), update 6 linked proof-capsule field(s), and preserve the current claim ceiling until passage notes exist.",the active close-read contracts have verified passage notes and linked proof-capsule updates
native-russia,Russia,6,4,"Complete 4 close-read contract(s), update 12 linked proof-capsule field(s), and preserve the current claim ceiling until passage notes exist.",the active close-read contracts have verified passage notes and linked proof-capsule updates
mb-muranoos-script-atelier-handoff-package-v0-2026-04-17,Script Atelier (v0),5,2,"Complete 2 close-read contract(s), update 6 linked proof-capsule field(s), and preserve the current claim ceiling until passage notes exist.",the active close-read contracts have verified passage notes and linked proof-capsule updates
mb-muranoos-red-team-phase-ii-handoff-2026-04-15,Smallest doc-pack; paired .md + .rs/.ts draft patches,6,2,"Complete 2 close-read contract(s), update 6 linked proof-capsule field(s), and preserve the current claim ceiling until passage notes exist.",the active close-read contracts have verified passage notes and linked proof-capsule updates
mb-muranoos-red-team-proper-handoff-packet-2026-04-11,"Smallest implementation-sufficient; flat 14-doc root; ""RT_PHASE_II_PLUS_WORKFLOW_A""",6,2,"Complete 2 close-read contract(s), update 6 linked proof-capsule field(s), and preserve the current claim ceiling until passage notes exist.",the active close-read contracts have verified passage notes and linked proof-capsule updates
mb-muranoos-red-team-handoff-package-gpt-synth-2026-04-18,"Smallest, pure-spec GPT bridge (9 files); 7-stage Ingest-Export workflow (breaks from red_team_* spine)",6,2,"Complete 2 close-read contract(s), update 6 linked proof-capsule field(s), and preserve the current claim ceiling until passage notes exist.",the active close-read contracts have verified passage notes and linked proof-capsule updates
mb-murano-speechcraft-studio-handoff,Speechcraft Studio,5,2,"Complete 2 close-read contract(s), update 6 linked proof-capsule field(s), and preserve the current claim ceiling until passage notes exist.",the active close-read contracts have verified passage notes and linked proof-capsule updates
mb-muranoos-red-team-proper-handoff-2026-04-14,"Strictest 4-quadrant authority layer; ""Durable Workspace Core""",6,2,"Complete 2 close-read contract(s), update 6 linked proof-capsule field(s), and preserve the current claim ceiling until passage notes exist.",the active close-read contracts have verified passage notes and linked proof-capsule updates
mb-muranoos-redteamlab-handoff-package-v1,Stub TSX/Rust + Blocker Register + Assumption Quarantine Ledger,6,2,"Complete 2 close-read contract(s), update 6 linked proof-capsule field(s), and preserve the current claim ceiling until passage notes exist.",the active close-read contracts have verified passage notes and linked proof-capsule updates
mb-muranoos-red-team-trancheii-handoff-2026-04-13,Surgical patch package; 12 live source snapshots + 4 patch-plane specs,7,2,"Complete 2 close-read contract(s), update 6 linked proof-capsule field(s), and preserve the current claim ceiling until passage notes exist.",the active close-read contracts have verified passage notes and linked proof-capsule updates
mb-muranoos-red-team-refraction-chamber-final-handoff-2026-04-14,Terminal packaging; full Refraction Chamber world design; --rt-* CSS namespace,6,2,"Complete 2 close-read contract(s), update 6 linked proof-capsule field(s), and preserve the current claim ceiling until passage notes exist.",the active close-read contracts have verified passage notes and linked proof-capsule updates
mb-muranoos-the-interval-handoff-v0-1,The Interval (remote violence),5,2,"Complete 2 close-read contract(s), update 6 linked proof-capsule field(s), and preserve the current claim ceiling until passage notes exist.",the active close-read contracts have verified passage notes and linked proof-capsule updates
mb-muranoos-tradecraft-foundry-handoff-package-2026-04-11,Tradecraft Foundry,5,1,"Complete 1 close-read contract(s), update 3 linked proof-capsule field(s), and preserve the current claim ceiling until passage notes exist.",the active close-read contracts have verified passage notes and linked proof-capsule updates
mb-muranoos-red-team-proper-handoff-2026-04-15,Triple-layer (zip+tree+addendum); 3-pass ledger,6,2,"Complete 2 close-read contract(s), update 6 linked proof-capsule field(s), and preserve the current claim ceiling until passage notes exist.",the active close-read contracts have verified passage notes and linked proof-capsule updates
mb-murano-os-warrant-chamber-handoff-v1,Warrant Chamber,5,2,"Complete 2 close-read contract(s), update 6 linked proof-capsule field(s), and preserve the current claim ceiling until passage notes exist.",the active close-read contracts have verified passage notes and linked proof-capsule updates
mb-muranoos-western-myth-codex-phase-i-stub-pack,Western Myth Codex,5,2,"Complete 2 close-read contract(s), update 6 linked proof-capsule field(s), and preserve the current claim ceiling until passage notes exist.",the active close-read contracts have verified passage notes and linked proof-capsule updates
native-western,Western Political Thought and the Ideal State,5,2,"Complete 2 close-read contract(s), update 6 linked proof-capsule field(s), and preserve the current claim ceiling until passage notes exist.",the active close-read contracts have verified passage notes and linked proof-capsule updates
mb-muranoos-red-team-proper-handoff-pass1-2026-04-15,"specs/ folder: Rust param structs, SQL DDL, TS workspace contract; ""Analytical Core Expansion A""",6,1,"Complete 1 close-read contract(s), update 3 linked proof-capsule field(s), and preserve the current claim ceiling until passage notes exist.",the active close-read contracts have verified passage notes and linked proof-capsule updates
mb-infragard-handoff,InfraGard preparatory note (minimal),6,3,"Complete 3 close-read contract(s), update 9 linked proof-capsule field(s), and preserve the current claim ceiling until passage notes exist.",the active close-read contracts have verified passage notes and linked proof-capsule updates
mb-muranoos-red-team-continuation-handoff-2026-04-11,Smallest addendum wrapper; 5-surface Core Analytical Workflow,6,1,"Complete 1 close-read contract(s), update 3 linked proof-capsule field(s), and preserve the current claim ceiling until passage notes exist.",the active close-read contracts have verified passage notes and linked proof-capsule updates
warrant-chamber,Source & Evidence Review - tracking what supports each claim and what still needs review,6,0,"Carry 6 source-application role(s) into the first build release and convert the most load-bearing source into a close-read contract before any quotation, page-specific citation, or strong literature-positioning claim.",at least one load-bearing source is converted from role assignment into a close-read note before citation-heavy or literature-positioning claims
native-trilogy-showcase,Book Trilogy Showcase,7,0,"Carry 7 source-application role(s) into the first build release and convert the most load-bearing source into a close-read contract before any quotation, page-specific citation, or strong literature-positioning claim.",at least one load-bearing source is converted from role assignment into a close-read note before citation-heavy or literature-positioning claims
mb-russian-reference-handoff-final,100-item ranked bibliography with verification levels A/B/C × core/extended,7,3,"Complete 3 close-read contract(s), update 9 linked proof-capsule field(s), and preserve the current claim ceiling until passage notes exist.",the active close-read contracts have verified passage notes and linked proof-capsule updates
mb-speechwriting-handoff-packet,"25×25 matrix framework (Warning labels populated, cell content NOT)",6,4,"Complete 4 close-read contract(s), update 12 linked proof-capsule field(s), and preserve the current claim ceiling until passage notes exist.",the active close-read contracts have verified passage notes and linked proof-capsule updates
mb-russia-intelligence-analysis-final-handoff,3-page Russia integrated-strategy assessment (V1-V4 convergence),7,5,"Complete 5 close-read contract(s), update 15 linked proof-capsule field(s), and preserve the current claim ceiling until passage notes exist.",the active close-read contracts have verified passage notes and linked proof-capsule updates
mb-ci-handoff-package,32 interdisciplinary frameworks attributed to specific thinkers,6,3,"Complete 3 close-read contract(s), update 9 linked proof-capsule field(s), and preserve the current claim ceiling until passage notes exist.",the active close-read contracts have verified passage notes and linked proof-capsule updates
mb-foreign-affairs-lexicon-handoff-v1,400 coined IR terms - 30 shortlist - 20 canon - 10 mini-theories,6,4,"Complete 4 close-read contract(s), update 12 linked proof-capsule field(s), and preserve the current claim ceiling until passage notes exist.",the active close-read contracts have verified passage notes and linked proof-capsule updates
mb-georgetown-technique-registry-master-50-bundle,"50-course Georgetown SSP registry; 7,500+ technique lines; capstone plug tags [SR/EP/IR/SC/G]",6,4,"Complete 4 close-read contract(s), update 12 linked proof-capsule field(s), and preserve the current claim ceiling until passage notes exist.",the active close-read contracts have verified passage notes and linked proof-capsule updates
mb-sophisticated-expression-lexicon-handoff,"50-entry curated arsenal (of planned 1,000)",6,4,"Complete 4 close-read contract(s), update 12 linked proof-capsule field(s), and preserve the current claim ceiling until passage notes exist.",the active close-read contracts have verified passage notes and linked proof-capsule updates
mb-cia-do-career-handoff-v1,500-role ranked search universe (250 federal + 250 private),6,4,"Complete 4 close-read contract(s), update 12 linked proof-capsule field(s), and preserve the current claim ceiling until passage notes exist.",the active close-read contracts have verified passage notes and linked proof-capsule updates
mb-six-project-hardening-handoff-done-v1,52 MB cross-project governance pack; nested 55 MB original bundle preserved,6,4,"Complete 4 close-read contract(s), update 12 linked proof-capsule field(s), and preserve the current claim ceiling until passage notes exist.",the active close-read contracts have verified passage notes and linked proof-capsule updates
mb-nik-handoff-v1,72-month master plan + Russian-language 12-month CSV + SF-86 prep,7,3,"Complete 3 close-read contract(s), update 9 linked proof-capsule field(s), and preserve the current claim ceiling until passage notes exist.",the active close-read contracts have verified passage notes and linked proof-capsule updates
row3,"AI Extraction Defense - five-layer architecture protecting proprietary AI models from being extracted, copied, or distilled by adversaries",6,0,"Carry 6 source-application role(s) into the first build release and convert the most load-bearing source into a close-read contract before any quotation, page-specific citation, or strong literature-positioning claim.",at least one load-bearing source is converted from role assignment into a close-read note before citation-heavy or literature-positioning claims
native-aigov-nav,AI Governance Navigator,6,1,"Complete 1 close-read contract(s), update 3 linked proof-capsule field(s), and preserve the current claim ceiling until passage notes exist.",the active close-read contracts have verified passage notes and linked proof-capsule updates
native-aiintel-cycle,AI Intelligence Cycle,6,1,"Complete 1 close-read contract(s), update 3 linked proof-capsule field(s), and preserve the current claim ceiling until passage notes exist.",the active close-read contracts have verified passage notes and linked proof-capsule updates
native-aiknowledge-prod,AI Knowledge Production,6,1,"Complete 1 close-read contract(s), update 3 linked proof-capsule field(s), and preserve the current claim ceiling until passage notes exist.",the active close-read contracts have verified passage notes and linked proof-capsule updates
native-aimodel-assess,AI Model Assessment,6,0,"Carry 6 source-application role(s) into the first build release and convert the most load-bearing source into a close-read contract before any quotation, page-specific citation, or strong literature-positioning claim.",at least one load-bearing source is converted from role assignment into a close-read note before citation-heavy or literature-positioning claims
native-aiosintnarr,AI OSINT Narrative Analysis,6,0,"Carry 6 source-application role(s) into the first build release and convert the most load-bearing source into a close-read contract before any quotation, page-specific citation, or strong literature-positioning claim.",at least one load-bearing source is converted from role assignment into a close-read note before citation-heavy or literature-positioning claims
native-aiprompt-eng,AI Prompt Engineering,6,1,"Complete 1 close-read contract(s), update 3 linked proof-capsule field(s), and preserve the current claim ceiling until passage notes exist.",the active close-read contracts have verified passage notes and linked proof-capsule updates
native-aishared-instruments,AI Shared Instruments,7,1,"Complete 1 close-read contract(s), update 3 linked proof-capsule field(s), and preserve the current claim ceiling until passage notes exist.",the active close-read contracts have verified passage notes and linked proof-capsule updates
native-aisatvis,AI Structured Analysis Visualization,7,0,"Carry 7 source-application role(s) into the first build release and convert the most load-bearing source into a close-read contract before any quotation, page-specific citation, or strong literature-positioning claim.",at least one load-bearing source is converted from role assignment into a close-read note before citation-heavy or literature-positioning claims
mb-ar-sat-room-handoff-v0-1,AR-SAT Room,6,4,"Complete 4 close-read contract(s), update 12 linked proof-capsule field(s), and preserve the current claim ceiling until passage notes exist.",the active close-read contracts have verified passage notes and linked proof-capsule updates
mb-georgetown-ic-handoff-done,Agency-targeting scorecard; 25 citations; FY2024-2026 NIP/MIP figures,6,4,"Complete 4 close-read contract(s), update 12 linked proof-capsule field(s), and preserve the current claim ceiling until passage notes exist.",the active close-read contracts have verified passage notes and linked proof-capsule updates
native-applied-history-lab,Applied History Lab,6,2,"Complete 2 close-read contract(s), update 6 linked proof-capsule field(s), and preserve the current claim ceiling until passage notes exist.",the active close-read contracts have verified passage notes and linked proof-capsule updates
mb-gotham-lossless-replacement-archive-2026-04-15,Batman/Gotham 9-tier archive; canon hierarchy + Azrael rule + Issue #1-2 proofs,6,4,"Complete 4 close-read contract(s), update 12 linked proof-capsule field(s), and preserve the current claim ceiling until passage notes exist.",the active close-read contracts have verified passage notes and linked proof-capsule updates
mb-briefingforgeroom-handoff-pass4-done,Briefing Forge Room (code-ready),6,3,"Complete 3 close-read contract(s), update 9 linked proof-capsule field(s), and preserve the current claim ceiling until passage notes exist.",the active close-read contracts have verified passage notes and linked proof-capsule updates
mb-russia-security-handoff-packet-done,CARE framework gray-zone counter-strategy + red-team critique,8,4,"Complete 4 close-read contract(s), update 12 linked proof-capsule field(s), and preserve the current claim ceiling until passage notes exist.",the active close-read contracts have verified passage notes and linked proof-capsule updates
mb-ci-ct-do-handoff-v1-1,"CI/CT DO tradecraft v1.1; SAT enumeration + 12 analyst templates (BLUF, ACH, ICD-203)",6,1,"Complete 1 close-read contract(s), update 3 linked proof-capsule field(s), and preserve the current claim ceiling until passage notes exist.",the active close-read contracts have verified passage notes and linked proof-capsule updates
mb-sat-handoff-v1,Canonical SAT dedup: 106 techniques normalized across 11 catalogues,6,4,"Complete 4 close-read contract(s), update 12 linked proof-capsule field(s), and preserve the current claim ceiling until passage notes exist.",the active close-read contracts have verified passage notes and linked proof-capsule updates
mb-rfp-handoff-ch01-02-done,Chapter analysis pipeline: Chs 1 (Feklyunina) + 2 (Morozov),7,1,"Complete 1 close-read contract(s), update 3 linked proof-capsule field(s), and preserve the current claim ceiling until passage notes exist.",the active close-read contracts have verified passage notes and linked proof-capsule updates
cognitive-firewall-instruments,Cognitive Firewall Instruments - authoring defensive instruments against AI-mediated analytic corruption,7,0,"Carry 7 source-application role(s) into the first build release and convert the most load-bearing source into a close-read contract before any quotation, page-specific citation, or strong literature-positioning claim.",at least one load-bearing source is converted from role assignment into a close-read note before citation-heavy or literature-positioning claims
native-capstone-defense,Cognitive Firewalls Capstone Defense,7,0,"Carry 7 source-application role(s) into the first build release and convert the most load-bearing source into a close-read contract before any quotation, page-specific citation, or strong literature-positioning claim.",at least one load-bearing source is converted from role assignment into a close-read note before citation-heavy or literature-positioning claims
native-capstone-defense-noland,Cognitive Firewalls Defense Room,7,0,"Carry 7 source-application role(s) into the first build release and convert the most load-bearing source into a close-read contract before any quotation, page-specific citation, or strong literature-positioning claim.",at least one load-bearing source is converted from role assignment into a close-read note before citation-heavy or literature-positioning claims
mb-cognitive-firewalls-foundry-handoff-v1,Cognitive Firewalls Foundry,7,4,"Complete 4 close-read contract(s), update 12 linked proof-capsule field(s), and preserve the current claim ceiling until passage notes exist.",the active close-read contracts have verified passage notes and linked proof-capsule updates
native-london,Colonial Archive Explorer,6,3,"Complete 3 close-read contract(s), update 9 linked proof-capsule field(s), and preserve the current claim ceiling until passage notes exist.",the active close-read contracts have verified passage notes and linked proof-capsule updates
mb-comparative-genocide-systems-lab-handoff-v1-0,Comparative Genocide Systems Lab,7,1,"Complete 1 close-read contract(s), update 3 linked proof-capsule field(s), and preserve the current claim ceiling until passage notes exist.",the active close-read contracts have verified passage notes and linked proof-capsule updates
mb-ci-career-conversation-handoff-done,Conversation capture with structured JSON handoff,7,3,"Complete 3 close-read contract(s), update 9 linked proof-capsule field(s), and preserve the current claim ceiling until passage notes exist.",the active close-read contracts have verified passage notes and linked proof-capsule updates
mb-counter-idiom-lab-proper-handoff-done,Counter-Idiom Lab,6,4,"Complete 4 close-read contract(s), update 12 linked proof-capsule field(s), and preserve the current claim ceiling until passage notes exist.",the active close-read contracts have verified passage notes and linked proof-capsule updates
mb-cia-russian-ci-handoff-packet,Credential stack + 90-day plan + Competency Tracker CSV,8,4,"Complete 4 close-read contract(s), update 12 linked proof-capsule field(s), and preserve the current claim ceiling until passage notes exist.",the active close-read contracts have verified passage notes and linked proof-capsule updates
critical-functions-observatory,Critical Functions Observatory - defensive UAS / critical-infrastructure research lab,6,4,"Complete 4 close-read contract(s), update 12 linked proof-capsule field(s), and preserve the current claim ceiling until passage notes exist.",the active close-read contracts have verified passage notes and linked proof-capsule updates
mb-redteamlab-proper-handoff-zip-2026-04-14,Cumulative-patch consolidator (4 historical patch packs merged),8,4,"Complete 4 close-read contract(s), update 12 linked proof-capsule field(s), and preserve the current claim ceiling until passage notes exist.",the active close-read contracts have verified passage notes and linked proof-capsule updates
planning,"Development Process - how projects move from idea to built, reviewed work",6,0,"Carry 6 source-application role(s) into the first build release and convert the most load-bearing source into a close-read contract before any quotation, page-specific citation, or strong literature-positioning claim.",at least one load-bearing source is converted from role assignment into a close-read note before citation-heavy or literature-positioning claims
mb-dialectic-engine-room-pass1-handoff,Dialectic Engine,6,4,"Complete 4 close-read contract(s), update 12 linked proof-capsule field(s), and preserve the current claim ceiling until passage notes exist.",the active close-read contracts have verified passage notes and linked proof-capsule updates
mb-redteamlab-proper-handoff-package-2026-04-14,Earliest pack; high-standard 3-column delta map,7,3,"Complete 3 close-read contract(s), update 9 linked proof-capsule field(s), and preserve the current claim ceiling until passage notes exist.",the active close-read contracts have verified passage notes and linked proof-capsule updates
mb-fractal-keep-handoff-v1,Fractal Keep,6,4,"Complete 4 close-read contract(s), update 12 linked proof-capsule field(s), and preserve the current claim ceiling until passage notes exist.",the active close-read contracts have verified passage notes and linked proof-capsule updates
native-portfolio-index,Full Project Catalogue,6,4,"Complete 4 close-read contract(s), update 12 linked proof-capsule field(s), and preserve the current claim ceiling until passage notes exist.",the active close-read contracts have verified passage notes and linked proof-capsule updates
mb-wargaming-handoff-pass1,Full portfolio build: 2 casefiles + 8-work product wargame product + 7 interview drills,6,3,"Complete 3 close-read contract(s), update 9 linked proof-capsule field(s), and preserve the current claim ceiling until passage notes exist.",the active close-read contracts have verified passage notes and linked proof-capsule updates
mb-hearthglass-handoff-v1,HearthGlass,6,4,"Complete 4 close-read contract(s), update 12 linked proof-capsule field(s), and preserve the current claim ceiling until passage notes exist.",the active close-read contracts have verified passage notes and linked proof-capsule updates
mb-ic-analyst-portfolio-handoff-pass1,IC analyst portfolio build kit; skill taxonomy S01-S26,6,4,"Complete 4 close-read contract(s), update 12 linked proof-capsule field(s), and preserve the current claim ceiling until passage notes exist.",the active close-read contracts have verified passage notes and linked proof-capsule updates
mb-individual-democratic-dialectic-final-handoff-done,IDDD Bibliographic Inventory,6,4,"Complete 4 close-read contract(s), update 12 linked proof-capsule field(s), and preserve the current claim ceiling until passage notes exist.",the active close-read contracts have verified passage notes and linked proof-capsule updates
mb-isc-symposium-command-room-handoff-pass3-done,ISC Symposium Command,6,4,"Complete 4 close-read contract(s), update 12 linked proof-capsule field(s), and preserve the current claim ceiling until passage notes exist.",the active close-read contracts have verified passage notes and linked proof-capsule updates
mb-insinuationengineroom-handoff-done,Insinuation Engine,6,3,"Complete 3 close-read contract(s), update 9 linked proof-capsule field(s), and preserve the current claim ceiling until passage notes exist.",the active close-read contracts have verified passage notes and linked proof-capsule updates
mb-the-interval-chamber-of-refraction-handoff-v1,Interval Chamber of Refraction,6,4,"Complete 4 close-read contract(s), update 12 linked proof-capsule field(s), and preserve the current claim ceiling until passage notes exist.",the active close-read contracts have verified passage notes and linked proof-capsule updates
native-master-bundle-pages,Master Bundle Pages,6,3,"Complete 3 close-read contract(s), update 9 linked proof-capsule field(s), and preserve the current claim ceiling until passage notes exist.",the active close-read contracts have verified passage notes and linked proof-capsule updates
mb-redteamlab-packet1-proper-handoff-done,Most implementation-ready: .patch + full files + snapshot + SQL verification + validation,7,4,"Complete 4 close-read contract(s), update 12 linked proof-capsule field(s), and preserve the current claim ceiling until passage notes exist.",the active close-read contracts have verified passage notes and linked proof-capsule updates
mb-narrative-furnace-handoff-pack-2026-04-14,Narrative Furnace,6,4,"Complete 4 close-read contract(s), update 12 linked proof-capsule field(s), and preserve the current claim ceiling until passage notes exist.",the active close-read contracts have verified passage notes and linked proof-capsule updates
row1,Quantitative Capstone - quantitative arm of the AI-corruption capstone study,6,1,"Complete 1 close-read contract(s), update 3 linked proof-capsule field(s), and preserve the current claim ceiling until passage notes exist.",the active close-read contracts have verified passage notes and linked proof-capsule updates
native-capstone-quantitative,Quantitative Capstone Workbench,6,0,"Carry 6 source-application role(s) into the first build release and convert the most load-bearing source into a close-read contract before any quotation, page-specific citation, or strong literature-positioning claim.",at least one load-bearing source is converted from role assignment into a close-read note before citation-heavy or literature-positioning claims
mb-capstone-handoff-package,Red Cell CI analysis of Russian cognitive deception; 12 COA dossiers,8,0,"Carry 8 source-application role(s) into the first build release and convert the most load-bearing source into a close-read contract before any quotation, page-specific citation, or strong literature-positioning claim.",at least one load-bearing source is converted from role assignment into a close-read note before citation-heavy or literature-positioning claims
red-team-lab,Red Team Lab - consolidated counter-deception lab across five authority roles,7,2,"Complete 2 close-read contract(s), update 6 linked proof-capsule field(s), and preserve the current claim ceiling until passage notes exist.",the active close-read contracts have verified passage notes and linked proof-capsule updates
reflexive-control-chamber,Reflexive Control Chamber - Russian reflexive-control & strategic-deception research chamber,8,0,"Carry 8 source-application role(s) into the first build release and convert the most load-bearing source into a close-read contract before any quotation, page-specific citation, or strong literature-positioning claim.",at least one load-bearing source is converted from role assignment into a close-read note before citation-heavy or literature-positioning claims
mb-visible-chat-handoff-package,Russian-studies bibliography + reflexive meta-analysis session,7,1,"Complete 1 close-read contract(s), update 3 linked proof-capsule field(s), and preserve the current claim ceiling until passage notes exist.",the active close-read contracts have verified passage notes and linked proof-capsule updates
mb-ukraine-handoff-packet,Three-lane civilian service plan; clearance-risk matrix SAFE/CAUTION/AVOID,7,4,"Complete 4 close-read contract(s), update 12 linked proof-capsule field(s), and preserve the current claim ceiling until passage notes exist.",the active close-read contracts have verified passage notes and linked proof-capsule updates
mb-internal-operating-support-001,Internal Operating Support Packet 001,6,3,"Complete 3 close-read contract(s), update 9 linked proof-capsule field(s), and preserve the current claim ceiling until passage notes exist.",the active close-read contracts have verified passage notes and linked proof-capsule updates
mb-internal-operating-support-002,Internal Operating Support Packet 002,6,3,"Complete 3 close-read contract(s), update 9 linked proof-capsule field(s), and preserve the current claim ceiling until passage notes exist.",the active close-read contracts have verified passage notes and linked proof-capsule updates
mb-internal-operating-support-003,Internal Operating Support Packet 003,6,3,"Complete 3 close-read contract(s), update 9 linked proof-capsule field(s), and preserve the current claim ceiling until passage notes exist.",the active close-read contracts have verified passage notes and linked proof-capsule updates
mb-internal-operating-support-004,Internal Operating Support Packet 004,6,3,"Complete 3 close-read contract(s), update 9 linked proof-capsule field(s), and preserve the current claim ceiling until passage notes exist.",the active close-read contracts have verified passage notes and linked proof-capsule updates
mb-internal-operating-support-005,Internal Operating Support Packet 005,6,3,"Complete 3 close-read contract(s), update 9 linked proof-capsule field(s), and preserve the current claim ceiling until passage notes exist.",the active close-read contracts have verified passage notes and linked proof-capsule updates
mb-internal-operating-support-006,Internal Operating Support Packet 006,6,3,"Complete 3 close-read contract(s), update 9 linked proof-capsule field(s), and preserve the current claim ceiling until passage notes exist.",the active close-read contracts have verified passage notes and linked proof-capsule updates
mb-internal-operating-support-007,Internal Operating Support Packet 007,6,3,"Complete 3 close-read contract(s), update 9 linked proof-capsule field(s), and preserve the current claim ceiling until passage notes exist.",the active close-read contracts have verified passage notes and linked proof-capsule updates
mb-internal-operating-support-008,Internal Operating Support Packet 008,6,3,"Complete 3 close-read contract(s), update 9 linked proof-capsule field(s), and preserve the current claim ceiling until passage notes exist.",the active close-read contracts have verified passage notes and linked proof-capsule updates
mb-internal-operating-support-009,Internal Operating Support Packet 009,6,3,"Complete 3 close-read contract(s), update 9 linked proof-capsule field(s), and preserve the current claim ceiling until passage notes exist.",the active close-read contracts have verified passage notes and linked proof-capsule updates
mb-internal-operating-support-010,Internal Operating Support Packet 010,6,3,"Complete 3 close-read contract(s), update 9 linked proof-capsule field(s), and preserve the current claim ceiling until passage notes exist.",the active close-read contracts have verified passage notes and linked proof-capsule updates
mb-internal-operating-support-011,Internal Operating Support Packet 011,6,3,"Complete 3 close-read contract(s), update 9 linked proof-capsule field(s), and preserve the current claim ceiling until passage notes exist.",the active close-read contracts have verified passage notes and linked proof-capsule updates
mb-internal-operating-support-012,Internal Operating Support Packet 012,6,3,"Complete 3 close-read contract(s), update 9 linked proof-capsule field(s), and preserve the current claim ceiling until passage notes exist.",the active close-read contracts have verified passage notes and linked proof-capsule updates
mb-internal-operating-support-013,Internal Operating Support Packet 013,6,3,"Complete 3 close-read contract(s), update 9 linked proof-capsule field(s), and preserve the current claim ceiling until passage notes exist.",the active close-read contracts have verified passage notes and linked proof-capsule updates
mb-internal-operating-support-014,Internal Operating Support Packet 014,6,3,"Complete 3 close-read contract(s), update 9 linked proof-capsule field(s), and preserve the current claim ceiling until passage notes exist.",the active close-read contracts have verified passage notes and linked proof-capsule updates
mb-internal-operating-support-015,Internal Operating Support Packet 015,6,3,"Complete 3 close-read contract(s), update 9 linked proof-capsule field(s), and preserve the current claim ceiling until passage notes exist.",the active close-read contracts have verified passage notes and linked proof-capsule updates
mb-internal-operating-support-016,Internal Operating Support Packet 016,6,3,"Complete 3 close-read contract(s), update 9 linked proof-capsule field(s), and preserve the current claim ceiling until passage notes exist.",the active close-read contracts have verified passage notes and linked proof-capsule updates
mb-internal-operating-support-017,Internal Operating Support Packet 017,6,3,"Complete 3 close-read contract(s), update 9 linked proof-capsule field(s), and preserve the current claim ceiling until passage notes exist.",the active close-read contracts have verified passage notes and linked proof-capsule updates
mb-internal-operating-support-018,Internal Operating Support Packet 018,6,3,"Complete 3 close-read contract(s), update 9 linked proof-capsule field(s), and preserve the current claim ceiling until passage notes exist.",the active close-read contracts have verified passage notes and linked proof-capsule updates
mb-internal-operating-support-019,Internal Operating Support Packet 019,6,3,"Complete 3 close-read contract(s), update 9 linked proof-capsule field(s), and preserve the current claim ceiling until passage notes exist.",the active close-read contracts have verified passage notes and linked proof-capsule updates
mb-internal-operating-support-020,Internal Operating Support Packet 020,6,3,"Complete 3 close-read contract(s), update 9 linked proof-capsule field(s), and preserve the current claim ceiling until passage notes exist.",the active close-read contracts have verified passage notes and linked proof-capsule updates
mb-internal-operating-support-021,Internal Operating Support Packet 021,6,3,"Complete 3 close-read contract(s), update 9 linked proof-capsule field(s), and preserve the current claim ceiling until passage notes exist.",the active close-read contracts have verified passage notes and linked proof-capsule updates
mb-internal-operating-support-022,Internal Operating Support Packet 022,6,3,"Complete 3 close-read contract(s), update 9 linked proof-capsule field(s), and preserve the current claim ceiling until passage notes exist.",the active close-read contracts have verified passage notes and linked proof-capsule updates
mb-internal-operating-support-023,Internal Operating Support Packet 023,6,3,"Complete 3 close-read contract(s), update 9 linked proof-capsule field(s), and preserve the current claim ceiling until passage notes exist.",the active close-read contracts have verified passage notes and linked proof-capsule updates
mb-internal-operating-support-024,Internal Operating Support Packet 024,6,3,"Complete 3 close-read contract(s), update 9 linked proof-capsule field(s), and preserve the current claim ceiling until passage notes exist.",the active close-read contracts have verified passage notes and linked proof-capsule updates
mb-internal-operating-support-025,Internal Operating Support Packet 025,6,3,"Complete 3 close-read contract(s), update 9 linked proof-capsule field(s), and preserve the current claim ceiling until passage notes exist.",the active close-read contracts have verified passage notes and linked proof-capsule updates
mb-internal-operating-support-026,Internal Operating Support Packet 026,6,3,"Complete 3 close-read contract(s), update 9 linked proof-capsule field(s), and preserve the current claim ceiling until passage notes exist.",the active close-read contracts have verified passage notes and linked proof-capsule updates
mb-internal-operating-support-027,Internal Operating Support Packet 027,6,3,"Complete 3 close-read contract(s), update 9 linked proof-capsule field(s), and preserve the current claim ceiling until passage notes exist.",the active close-read contracts have verified passage notes and linked proof-capsule updates
mb-internal-operating-support-028,Internal Operating Support Packet 028,6,3,"Complete 3 close-read contract(s), update 9 linked proof-capsule field(s), and preserve the current claim ceiling until passage notes exist.",the active close-read contracts have verified passage notes and linked proof-capsule updates
mb-internal-operating-support-029,Internal Operating Support Packet 029,6,3,"Complete 3 close-read contract(s), update 9 linked proof-capsule field(s), and preserve the current claim ceiling until passage notes exist.",the active close-read contracts have verified passage notes and linked proof-capsule updates
mb-internal-operating-support-030,Internal Operating Support Packet 030,6,3,"Complete 3 close-read contract(s), update 9 linked proof-capsule field(s), and preserve the current claim ceiling until passage notes exist.",the active close-read contracts have verified passage notes and linked proof-capsule updates
mb-internal-operating-support-031,Internal Operating Support Packet 031,6,3,"Complete 3 close-read contract(s), update 9 linked proof-capsule field(s), and preserve the current claim ceiling until passage notes exist.",the active close-read contracts have verified passage notes and linked proof-capsule updates
mb-internal-operating-support-032,Internal Operating Support Packet 032,6,3,"Complete 3 close-read contract(s), update 9 linked proof-capsule field(s), and preserve the current claim ceiling until passage notes exist.",the active close-read contracts have verified passage notes and linked proof-capsule updates
mb-internal-operating-support-033,Internal Operating Support Packet 033,6,3,"Complete 3 close-read contract(s), update 9 linked proof-capsule field(s), and preserve the current claim ceiling until passage notes exist.",the active close-read contracts have verified passage notes and linked proof-capsule updates
mb-internal-operating-support-034,Internal Operating Support Packet 034,6,3,"Complete 3 close-read contract(s), update 9 linked proof-capsule field(s), and preserve the current claim ceiling until passage notes exist.",the active close-read contracts have verified passage notes and linked proof-capsule updates
mb-internal-operating-support-035,Internal Operating Support Packet 035,6,3,"Complete 3 close-read contract(s), update 9 linked proof-capsule field(s), and preserve the current claim ceiling until passage notes exist.",the active close-read contracts have verified passage notes and linked proof-capsule updates
mb-internal-operating-support-036,Internal Operating Support Packet 036,6,3,"Complete 3 close-read contract(s), update 9 linked proof-capsule field(s), and preserve the current claim ceiling until passage notes exist.",the active close-read contracts have verified passage notes and linked proof-capsule updates
mb-comparative-rhetoric-final,Warning Misleading name: all 24 files are 1-line title stubs (466 bytes total),6,2,"Complete 2 close-read contract(s), update 6 linked proof-capsule field(s), and preserve the current claim ceiling until passage notes exist.",the active close-read contracts have verified passage notes and linked proof-capsule updates
project-hardening,"Quality Review - checking project claims against evidence, scope, and readiness",6,1,"Complete 1 close-read contract(s), update 3 linked proof-capsule field(s), and preserve the current claim ceiling until passage notes exist.",the active close-read contracts have verified passage notes and linked proof-capsule updates
native-trilogy-showcase-atlas,Book Trilogy Atlas,7,0,"Carry 7 source-application role(s) into the first build release and convert the most load-bearing source into a close-read contract before any quotation, page-specific citation, or strong literature-positioning claim.",at least one load-bearing source is converted from role assignment into a close-read note before citation-heavy or literature-positioning claims
isc-proposals,Counterintelligence Surveillance Framework - Beyond Surveillance Maximalism: a Smart Surveillance Scaling (S3) proposal,7,4,"Complete 4 close-read contract(s), update 12 linked proof-capsule field(s), and preserve the current claim ceiling until passage notes exist.",the active close-read contracts have verified passage notes and linked proof-capsule updates
native-analyst-assurance-desk,Analyst Assurance Desk,6,1,"Complete 1 close-read contract(s), update 3 linked proof-capsule field(s), and preserve the current claim ceiling until passage notes exist.",the active close-read contracts have verified passage notes and linked proof-capsule updates
mb-ic-analytic-technique-compendium-bundle-v0-1-v1-3,13 snapshot workbooks; 11-phase build scaffold - AI-assisted methods,6,0,"Carry 6 source-application role(s) into the first build release and convert the most load-bearing source into a close-read contract before any quotation, page-specific citation, or strong literature-positioning claim.",at least one load-bearing source is converted from role assignment into a close-read note before citation-heavy or literature-positioning claims
native-aifailure-tax,AI Failure Taxonomy,6,0,"Carry 6 source-application role(s) into the first build release and convert the most load-bearing source into a close-read contract before any quotation, page-specific citation, or strong literature-positioning claim.",at least one load-bearing source is converted from role assignment into a close-read note before citation-heavy or literature-positioning claims
row2,AI Rigor Detection - framework that detects performative rigor in AI-generated analysis; publication status is separated from validation status,7,0,"Carry 7 source-application role(s) into the first build release and convert the most load-bearing source into a close-read contract before any quotation, page-specific citation, or strong literature-positioning claim.",at least one load-bearing source is converted from role assignment into a close-read note before citation-heavy or literature-positioning claims
native-wargaming,Alliance Crisis Wargaming,6,0,"Carry 6 source-application role(s) into the first build release and convert the most load-bearing source into a close-read contract before any quotation, page-specific citation, or strong literature-positioning claim.",at least one load-bearing source is converted from role assignment into a close-read note before citation-heavy or literature-positioning claims
native-atanalysis,Analysis Tradecraft,5,0,"Carry 5 source-application role(s) into the first build release and convert the most load-bearing source into a close-read contract before any quotation, page-specific citation, or strong literature-positioning claim.",at least one load-bearing source is converted from role assignment into a close-read note before citation-heavy or literature-positioning claims
bias-atlas,Bias Atlas - cognitive-bias catalogue grounded in Heuer and Kahneman,6,0,"Carry 6 source-application role(s) into the first build release and convert the most load-bearing source into a close-read contract before any quotation, page-specific citation, or strong literature-positioning claim.",at least one load-bearing source is converted from role assignment into a close-read note before citation-heavy or literature-positioning claims
mb-ci-red-cell-handoff,CI red-cell methods reference architecture (post-integrity-correction rebuild),5,1,"Complete 1 close-read contract(s), update 3 linked proof-capsule field(s), and preserve the current claim ceiling until passage notes exist.",the active close-read contracts have verified passage notes and linked proof-capsule updates
native-cmanalysis,Collection Management Analysis,5,0,"Carry 5 source-application role(s) into the first build release and convert the most load-bearing source into a close-read contract before any quotation, page-specific citation, or strong literature-positioning claim.",at least one load-bearing source is converted from role assignment into a close-read note before citation-heavy or literature-positioning claims
genocide-lab,Comparative Genocide Lab - comparative analysis of mass political violence across ten canonical dimensions,6,0,"Carry 6 source-application role(s) into the first build release and convert the most load-bearing source into a close-read contract before any quotation, page-specific citation, or strong literature-positioning claim.",at least one load-bearing source is converted from role assignment into a close-read note before citation-heavy or literature-positioning claims
row8,Counter-Terror Analysis - 13-page counter-terror analytical narrative arc,5,0,"Carry 5 source-application role(s) into the first build release and convert the most load-bearing source into a close-read contract before any quotation, page-specific citation, or strong literature-positioning claim.",at least one load-bearing source is converted from role assignment into a close-read note before citation-heavy or literature-positioning claims
native-cianalysis,Counterintelligence Analysis,5,0,"Carry 5 source-application role(s) into the first build release and convert the most load-bearing source into a close-read contract before any quotation, page-specific citation, or strong literature-positioning claim.",at least one load-bearing source is converted from role assignment into a close-read note before citation-heavy or literature-positioning claims
native-coanalysis,Counterintelligence Operations Analysis,5,0,"Carry 5 source-application role(s) into the first build release and convert the most load-bearing source into a close-read contract before any quotation, page-specific citation, or strong literature-positioning claim.",at least one load-bearing source is converted from role assignment into a close-read note before citation-heavy or literature-positioning claims
native-iscproposals,Counterintelligence Surveillance Framework,7,4,"Complete 4 close-read contract(s), update 12 linked proof-capsule field(s), and preserve the current claim ceiling until passage notes exist.",the active close-read contracts have verified passage notes and linked proof-capsule updates
native-crusades,Crusades and Mediterranean Order,7,4,"Complete 4 close-read contract(s), update 12 linked proof-capsule field(s), and preserve the current claim ceiling until passage notes exist.",the active close-read contracts have verified passage notes and linked proof-capsule updates
native-cyanalysis,Cyber Analysis,5,0,"Carry 5 source-application role(s) into the first build release and convert the most load-bearing source into a close-read contract before any quotation, page-specific citation, or strong literature-positioning claim.",at least one load-bearing source is converted from role assignment into a close-read note before citation-heavy or literature-positioning claims
native-ddianalysis,Directorate Analysis Method,5,0,"Carry 5 source-application role(s) into the first build release and convert the most load-bearing source into a close-read contract before any quotation, page-specific citation, or strong literature-positioning claim.",at least one load-bearing source is converted from role assignment into a close-read note before citation-heavy or literature-positioning claims
native-emt,Emergency Triage Simulator,6,1,"Complete 1 close-read contract(s), update 3 linked proof-capsule field(s), and preserve the current claim ceiling until passage notes exist.",the active close-read contracts have verified passage notes and linked proof-capsule updates
native-etanalysis,Emerging Technology Analysis,5,0,"Carry 5 source-application role(s) into the first build release and convert the most load-bearing source into a close-read contract before any quotation, page-specific citation, or strong literature-positioning claim.",at least one load-bearing source is converted from role assignment into a close-read note before citation-heavy or literature-positioning claims
native-fwanalysis,Foreign Warning Analysis,5,0,"Carry 5 source-application role(s) into the first build release and convert the most load-bearing source into a close-read contract before any quotation, page-specific citation, or strong literature-positioning claim.",at least one load-bearing source is converted from role assignment into a close-read note before citation-heavy or literature-positioning claims
native-hsanalysis,Homeland Security Analysis,6,0,"Carry 6 source-application role(s) into the first build release and convert the most load-bearing source into a close-read contract before any quotation, page-specific citation, or strong literature-positioning claim.",at least one load-bearing source is converted from role assignment into a close-read note before citation-heavy or literature-positioning claims
native-cicc,ICC Complementarity Case Room,7,4,"Complete 4 close-read contract(s), update 12 linked proof-capsule field(s), and preserve the current claim ceiling until passage notes exist.",the active close-read contracts have verified passage notes and linked proof-capsule updates
native-icanalysis,Intelligence Community Analysis,5,0,"Carry 5 source-application role(s) into the first build release and convert the most load-bearing source into a close-read contract before any quotation, page-specific citation, or strong literature-positioning claim.",at least one load-bearing source is converted from role assignment into a close-read note before citation-heavy or literature-positioning claims
native-psanalysis,Political Strategy Analysis,5,0,"Carry 5 source-application role(s) into the first build release and convert the most load-bearing source into a close-read contract before any quotation, page-specific citation, or strong literature-positioning claim.",at least one load-bearing source is converted from role assignment into a close-read note before citation-heavy or literature-positioning claims
capstone-orig,Qualitative Capstone - qualitative analysis of analyst response to AI-introduced corruption,5,0,"Carry 5 source-application role(s) into the first build release and convert the most load-bearing source into a close-read contract before any quotation, page-specific citation, or strong literature-positioning claim.",at least one load-bearing source is converted from role assignment into a close-read note before citation-heavy or literature-positioning claims
native-respite,Recovery Respite Facility Operations,6,1,"Complete 1 close-read contract(s), update 3 linked proof-capsule field(s), and preserve the current claim ceiling until passage notes exist.",the active close-read contracts have verified passage notes and linked proof-capsule updates
native-uscri,Refugee Resettlement Resource Allocation,6,1,"Complete 1 close-read contract(s), update 3 linked proof-capsule field(s), and preserve the current claim ceiling until passage notes exist.",the active close-read contracts have verified passage notes and linked proof-capsule updates
native-peace,Track II Diplomacy and Peacebuilding,7,4,"Complete 4 close-read contract(s), update 12 linked proof-capsule field(s), and preserve the current claim ceiling until passage notes exist.",the active close-read contracts have verified passage notes and linked proof-capsule updates
native-pharm,Vaccine Distribution Planner,6,1,"Complete 1 close-read contract(s), update 3 linked proof-capsule field(s), and preserve the current claim ceiling until passage notes exist.",the active close-read contracts have verified passage notes and linked proof-capsule updates
native-habitat,Volunteer Build-Day Coordination,6,1,"Complete 1 close-read contract(s), update 3 linked proof-capsule field(s), and preserve the current claim ceiling until passage notes exist.",the active close-read contracts have verified passage notes and linked proof-capsule updates
native-war-theory,War Theory and Strategic Culture,7,4,"Complete 4 close-read contract(s), update 12 linked proof-capsule field(s), and preserve the current claim ceiling until passage notes exist.",the active close-read contracts have verified passage notes and linked proof-capsule updates
wargaming,Wargaming - theater-level alliance-crisis wargame workbench,6,0,"Carry 6 source-application role(s) into the first build release and convert the most load-bearing source into a close-read contract before any quotation, page-specific citation, or strong literature-positioning claim.",at least one load-bearing source is converted from role assignment into a close-read note before citation-heavy or literature-positioning claims
native-amfp,Washington-Jefferson Era Foreign Policy,7,0,"Carry 7 source-application role(s) into the first build release and convert the most load-bearing source into a close-read contract before any quotation, page-specific citation, or strong literature-positioning claim.",at least one load-bearing source is converted from role assignment into a close-read note before citation-heavy or literature-positioning claims
