project_id,case_id,case_type,expected_behavior,acceptance_decision,expected_behavior_met,full_operational_claim_allowed,trace_hash
applied-history,applied-history-baseline,baseline,accepted_with_claim_boundary,PASS,yes,no,792881e0a64a3b3d
applied-history,applied-history-challenge,challenge,accepted_with_caveat,PASS,yes,no,dcff32835b3b0e1d
applied-history,applied-history-falsifier,falsifier,block_full_operational_claim,PASS,yes,no,65ba5870f34d32a9
native-aiprompt-eng,native-aiprompt-eng-baseline,baseline,accepted_with_claim_boundary,PASS,yes,no,4e1053089b1974cd
native-aiprompt-eng,native-aiprompt-eng-challenge,challenge,accepted_with_caveat,PASS,yes,no,fbf1783ebf092e0c
native-aiprompt-eng,native-aiprompt-eng-falsifier,falsifier,block_full_operational_claim,PASS,yes,no,99fd51a35c69a747
native-analyst-assurance-desk,native-analyst-assurance-desk-baseline,baseline,accepted_with_claim_boundary,PASS,yes,no,36b9d6674477a335
native-analyst-assurance-desk,native-analyst-assurance-desk-challenge,challenge,accepted_with_caveat,PASS,yes,no,16af9a1abb7dcc65
native-analyst-assurance-desk,native-analyst-assurance-desk-falsifier,falsifier,block_full_operational_claim,PASS,yes,no,c7b08d7f6d610515
native-berlin,native-berlin-baseline,baseline,accepted_with_claim_boundary,PASS,yes,no,e344ad612ac9dd6a
native-berlin,native-berlin-challenge,challenge,accepted_with_caveat,PASS,yes,no,b86aca239e133287
native-berlin,native-berlin-falsifier,falsifier,block_full_operational_claim,PASS,yes,no,ec3f7bc7cd72fbdc
native-russia,native-russia-baseline,baseline,accepted_with_claim_boundary,PASS,yes,no,7c2efc943a6b24f3
native-russia,native-russia-challenge,challenge,accepted_with_caveat,PASS,yes,no,c2d6ebea4b4eaea2
native-russia,native-russia-falsifier,falsifier,block_full_operational_claim,PASS,yes,no,c3120ee731db1efb
native-russia-history-room,native-russia-history-room-baseline,baseline,accepted_with_claim_boundary,PASS,yes,no,dffc35e3fe4df014
native-russia-history-room,native-russia-history-room-challenge,challenge,accepted_with_caveat,PASS,yes,no,10378a6626b5fd08
native-russia-history-room,native-russia-history-room-falsifier,falsifier,block_full_operational_claim,PASS,yes,no,e47d7fae44290b6e
row6,row6-baseline,baseline,accepted_with_claim_boundary,PASS,yes,no,0f4968b2b367167a
row6,row6-challenge,challenge,accepted_with_caveat,PASS,yes,no,5453f12b825aeda5
row6,row6-falsifier,falsifier,block_full_operational_claim,PASS,yes,no,1a56195132630f59
cognitive-warfare,cognitive-warfare-baseline,baseline,accepted_with_claim_boundary,PASS,yes,no,aaebb731e17d5338
cognitive-warfare,cognitive-warfare-challenge,challenge,accepted_with_caveat,PASS,yes,no,d0101a953877e8c9
cognitive-warfare,cognitive-warfare-falsifier,falsifier,block_full_operational_claim,PASS,yes,no,3b8438a89b9e4a25
historical-studies,historical-studies-baseline,baseline,accepted_with_claim_boundary,PASS,yes,no,cb3f0a98a3f6c179
historical-studies,historical-studies-challenge,challenge,accepted_with_caveat,PASS,yes,no,30897cfb22ee30f3
historical-studies,historical-studies-falsifier,falsifier,block_full_operational_claim,PASS,yes,no,151d9a1226ee8ad5
ir-lexicon,ir-lexicon-baseline,baseline,accepted_with_claim_boundary,PASS,yes,no,b00fd88ab437d9a0
ir-lexicon,ir-lexicon-challenge,challenge,accepted_with_caveat,PASS,yes,no,630f67fa1ecae710
ir-lexicon,ir-lexicon-falsifier,falsifier,block_full_operational_claim,PASS,yes,no,50a26f57b50dd599
native-africa,native-africa-baseline,baseline,accepted_with_claim_boundary,PASS,yes,no,98f2ff04dbbf5c51
native-africa,native-africa-challenge,challenge,accepted_with_caveat,PASS,yes,no,aafceaad32cf986f
native-africa,native-africa-falsifier,falsifier,block_full_operational_claim,PASS,yes,no,0a2f362f08233915
native-east-asia,native-east-asia-baseline,baseline,accepted_with_claim_boundary,PASS,yes,no,5e4aa96658506fba
native-east-asia,native-east-asia-challenge,challenge,accepted_with_caveat,PASS,yes,no,b2b117bfdd48df2b
native-east-asia,native-east-asia-falsifier,falsifier,block_full_operational_claim,PASS,yes,no,81f914019c1fc065
native-mideast,native-mideast-baseline,baseline,accepted_with_claim_boundary,PASS,yes,no,6c56950e8a769d6b
native-mideast,native-mideast-challenge,challenge,accepted_with_caveat,PASS,yes,no,2823780500733cd5
native-mideast,native-mideast-falsifier,falsifier,block_full_operational_claim,PASS,yes,no,95dcadc56f229a0d
native-mongol,native-mongol-baseline,baseline,accepted_with_claim_boundary,PASS,yes,no,02bc0d973a367e6d
native-mongol,native-mongol-challenge,challenge,accepted_with_caveat,PASS,yes,no,44377dab63a8f216
native-mongol,native-mongol-falsifier,falsifier,block_full_operational_claim,PASS,yes,no,70794fbbc4bebe35
native-western,native-western-baseline,baseline,accepted_with_claim_boundary,PASS,yes,no,ad319ae964cd040e
native-western,native-western-challenge,challenge,accepted_with_caveat,PASS,yes,no,da01c93d4186a73d
native-western,native-western-falsifier,falsifier,block_full_operational_claim,PASS,yes,no,0da2697ccf6b3ce9
russia-desk,russia-desk-baseline,baseline,accepted_with_claim_boundary,PASS,yes,no,c46869462e31350e
russia-desk,russia-desk-challenge,challenge,accepted_with_caveat,PASS,yes,no,786ebfe78f79939d
russia-desk,russia-desk-falsifier,falsifier,block_full_operational_claim,PASS,yes,no,fa639c34f4aac206
analytical-methodology,analytical-methodology-baseline,baseline,accepted_with_claim_boundary,PASS,yes,no,fd0e79ed11d6b600
analytical-methodology,analytical-methodology-challenge,challenge,accepted_with_caveat,PASS,yes,no,ed769731e549adfa
analytical-methodology,analytical-methodology-falsifier,falsifier,block_full_operational_claim,PASS,yes,no,2a5a3d924e8e4448
regional-studies,regional-studies-baseline,baseline,accepted_with_claim_boundary,PASS,yes,no,10ecc36364b8ca57
regional-studies,regional-studies-challenge,challenge,accepted_with_caveat,PASS,yes,no,a2d2cc563170bed9
regional-studies,regional-studies-falsifier,falsifier,block_full_operational_claim,PASS,yes,no,137b90dc4780ab71
decision-advantage-system,decision-advantage-system-baseline,baseline,accepted_with_claim_boundary,PASS,yes,no,e52e86e3171488a0
decision-advantage-system,decision-advantage-system-challenge,challenge,accepted_with_caveat,PASS,yes,no,ea617d06a2187776
decision-advantage-system,decision-advantage-system-falsifier,falsifier,block_full_operational_claim,PASS,yes,no,fa322accaa12746e
mb-dialectic-engine-room-pass1-handoff,mb-dialectic-engine-room-pass1-handoff-baseline,baseline,accepted_with_claim_boundary,PASS,yes,no,f2543d61348a1dea
mb-dialectic-engine-room-pass1-handoff,mb-dialectic-engine-room-pass1-handoff-challenge,challenge,accepted_with_caveat,PASS,yes,no,90c7b447902163f0
mb-dialectic-engine-room-pass1-handoff,mb-dialectic-engine-room-pass1-handoff-falsifier,falsifier,block_full_operational_claim,PASS,yes,no,f0e846c91fd60a20
native-russia-security-desk,native-russia-security-desk-baseline,baseline,accepted_with_claim_boundary,PASS,yes,no,2f46a2a59c994148
native-russia-security-desk,native-russia-security-desk-challenge,challenge,accepted_with_caveat,PASS,yes,no,07ef2e23b804d1fe
native-russia-security-desk,native-russia-security-desk-falsifier,falsifier,block_full_operational_claim,PASS,yes,no,24865d66597fc4cf
mb-infragard-handoff,mb-infragard-handoff-baseline,baseline,accepted_with_claim_boundary,PASS,yes,no,c5c19d157aed664f
mb-infragard-handoff,mb-infragard-handoff-challenge,challenge,accepted_with_caveat,PASS,yes,no,95a743562488ed16
mb-infragard-handoff,mb-infragard-handoff-falsifier,falsifier,block_full_operational_claim,PASS,yes,no,824becbce5031b11
mb-insinuationengineroom-handoff-done,mb-insinuationengineroom-handoff-done-baseline,baseline,accepted_with_claim_boundary,PASS,yes,no,93715d56e2aa16af
mb-insinuationengineroom-handoff-done,mb-insinuationengineroom-handoff-done-challenge,challenge,accepted_with_caveat,PASS,yes,no,ab1d9cad7ffb0f7c
mb-insinuationengineroom-handoff-done,mb-insinuationengineroom-handoff-done-falsifier,falsifier,block_full_operational_claim,PASS,yes,no,bc5da7063b7914ed
mb-nik-handoff-v1,mb-nik-handoff-v1-baseline,baseline,accepted_as_review_evidence,PASS,yes,no,e6aeb5b6f3d79f2c
mb-nik-handoff-v1,mb-nik-handoff-v1-challenge,challenge,accept_only_with_boundary,PASS,yes,no,010657bcd6c8cdf8
mb-nik-handoff-v1,mb-nik-handoff-v1-falsifier,falsifier,block_full_operational_claim,PASS,yes,no,c07f0b186045cc6c
mb-russia-intelligence-analysis-final-handoff,mb-russia-intelligence-analysis-final-handoff-baseline,baseline,accepted_as_review_evidence,PASS,yes,no,9eea3ad1f6a66f5b
mb-russia-intelligence-analysis-final-handoff,mb-russia-intelligence-analysis-final-handoff-challenge,challenge,accept_only_with_boundary,PASS,yes,no,93f61e4c5d9b6a82
mb-russia-intelligence-analysis-final-handoff,mb-russia-intelligence-analysis-final-handoff-falsifier,falsifier,block_full_operational_claim,PASS,yes,no,d1e28c6b019175b2
mb-russian-reference-handoff-final,mb-russian-reference-handoff-final-baseline,baseline,accepted_as_review_evidence,PASS,yes,no,44aea9535fce5df3
mb-russian-reference-handoff-final,mb-russian-reference-handoff-final-challenge,challenge,accept_only_with_boundary,PASS,yes,no,1889b3c7e6ebb89d
mb-russian-reference-handoff-final,mb-russian-reference-handoff-final-falsifier,falsifier,block_full_operational_claim,PASS,yes,no,fb11f54d8807a90e
mb-visible-chat-handoff-package,mb-visible-chat-handoff-package-baseline,baseline,accepted_as_review_evidence,PASS,yes,no,0ad99575fef54acf
mb-visible-chat-handoff-package,mb-visible-chat-handoff-package-challenge,challenge,accept_only_with_boundary,PASS,yes,no,9e24ca3470b69548
mb-visible-chat-handoff-package,mb-visible-chat-handoff-package-falsifier,falsifier,block_full_operational_claim,PASS,yes,no,ca1152168cacdcc2
native-aigov-nav,native-aigov-nav-baseline,baseline,accepted_as_review_evidence,PASS,yes,no,3be75edc08e385cd
native-aigov-nav,native-aigov-nav-challenge,challenge,accept_only_with_boundary,PASS,yes,no,a10ba194a2ebbec9
native-aigov-nav,native-aigov-nav-falsifier,falsifier,block_full_operational_claim,PASS,yes,no,e6f2868a3384b72f
native-aiintel-cycle,native-aiintel-cycle-baseline,baseline,accepted_as_review_evidence,PASS,yes,no,34f01d4e191e7105
native-aiintel-cycle,native-aiintel-cycle-challenge,challenge,accept_only_with_boundary,PASS,yes,no,a5372a0f57f18559
native-aiintel-cycle,native-aiintel-cycle-falsifier,falsifier,block_full_operational_claim,PASS,yes,no,50e3609f9432e8c4
native-aiknowledge-prod,native-aiknowledge-prod-baseline,baseline,accepted_as_review_evidence,PASS,yes,no,12fc5366fe33dd05
native-aiknowledge-prod,native-aiknowledge-prod-challenge,challenge,accept_only_with_boundary,PASS,yes,no,396b57958b14d810
native-aiknowledge-prod,native-aiknowledge-prod-falsifier,falsifier,block_full_operational_claim,PASS,yes,no,6ec7ec258856136b
native-aishared-instruments,native-aishared-instruments-baseline,baseline,accepted_as_review_evidence,PASS,yes,no,3c44eb23b2766bf5
native-aishared-instruments,native-aishared-instruments-challenge,challenge,accept_only_with_boundary,PASS,yes,no,57747adb469ada97
native-aishared-instruments,native-aishared-instruments-falsifier,falsifier,block_full_operational_claim,PASS,yes,no,20e507a228a24676
native-cicc,native-cicc-baseline,baseline,accepted_as_review_evidence,PASS,yes,no,cd0f01b60f4c4833
native-cicc,native-cicc-challenge,challenge,accept_only_with_boundary,PASS,yes,no,b6ba3457622ea5f9
native-cicc,native-cicc-falsifier,falsifier,block_full_operational_claim,PASS,yes,no,997bcc1ca1bcb274
native-crusades,native-crusades-baseline,baseline,accepted_as_review_evidence,PASS,yes,no,2f767f63aab65926
native-crusades,native-crusades-challenge,challenge,accept_only_with_boundary,PASS,yes,no,5504dba68998429d
native-crusades,native-crusades-falsifier,falsifier,block_full_operational_claim,PASS,yes,no,c1a55cc89cc22b9f
native-peace,native-peace-baseline,baseline,accepted_as_review_evidence,PASS,yes,no,4e6e7b9d15907be7
native-peace,native-peace-challenge,challenge,accept_only_with_boundary,PASS,yes,no,1a406782b312b1dc
native-peace,native-peace-falsifier,falsifier,block_full_operational_claim,PASS,yes,no,54238b4a3355b27d
native-war-theory,native-war-theory-baseline,baseline,accepted_as_review_evidence,PASS,yes,no,99b2f65e15403dcb
native-war-theory,native-war-theory-challenge,challenge,accept_only_with_boundary,PASS,yes,no,41c4ce7da9f7c313
native-war-theory,native-war-theory-falsifier,falsifier,block_full_operational_claim,PASS,yes,no,ddb95dfa14dbeba5
cognitive-firewall-instruments,cognitive-firewall-instruments-baseline,baseline,accepted_as_review_evidence,PASS,yes,no,1df6220b939af56f
cognitive-firewall-instruments,cognitive-firewall-instruments-challenge,challenge,accept_only_with_boundary,PASS,yes,no,abdb68f233e8d05b
cognitive-firewall-instruments,cognitive-firewall-instruments-falsifier,falsifier,block_full_operational_claim,PASS,yes,no,1378a97096c1146e
master-bundle-atlas,master-bundle-atlas-baseline,baseline,accepted_as_review_evidence,PASS,yes,no,af6e895e436188be
master-bundle-atlas,master-bundle-atlas-challenge,challenge,accept_only_with_boundary,PASS,yes,no,dd987ac8213ff0cc
master-bundle-atlas,master-bundle-atlas-falsifier,falsifier,block_full_operational_claim,PASS,yes,no,fd9f409993e3f3c8
native-amfp,native-amfp-baseline,baseline,accepted_as_review_evidence,PASS,yes,no,9f60c9ec6bd95bd6
native-amfp,native-amfp-challenge,challenge,accept_only_with_boundary,PASS,yes,no,4656742707677d1e
native-amfp,native-amfp-falsifier,falsifier,block_full_operational_claim,PASS,yes,no,19a7c6c14a1e4349
native-trilogy-showcase,native-trilogy-showcase-baseline,baseline,accepted_as_review_evidence,PASS,yes,no,affb6de2b090a579
native-trilogy-showcase,native-trilogy-showcase-challenge,challenge,accept_only_with_boundary,PASS,yes,no,4b54b79097150140
native-trilogy-showcase,native-trilogy-showcase-falsifier,falsifier,block_full_operational_claim,PASS,yes,no,eacfb8079ec3bfad
native-trilogy-showcase-atlas,native-trilogy-showcase-atlas-baseline,baseline,accepted_as_review_evidence,PASS,yes,no,801076c961b47d05
native-trilogy-showcase-atlas,native-trilogy-showcase-atlas-challenge,challenge,accept_only_with_boundary,PASS,yes,no,fe58e3df774bf90a
native-trilogy-showcase-atlas,native-trilogy-showcase-atlas-falsifier,falsifier,block_full_operational_claim,PASS,yes,no,0400956658341e3d
reflexive-control-chamber,reflexive-control-chamber-baseline,baseline,accepted_as_review_evidence,PASS,yes,no,6b2169440e50ddc6
reflexive-control-chamber,reflexive-control-chamber-challenge,challenge,accept_only_with_boundary,PASS,yes,no,b0a6d85be72a3349
reflexive-control-chamber,reflexive-control-chamber-falsifier,falsifier,block_full_operational_claim,PASS,yes,no,84c71a55ec93f150
row2,row2-baseline,baseline,accepted_as_review_evidence,PASS,yes,no,f70192b1cdd64b67
row2,row2-challenge,challenge,accept_only_with_boundary,PASS,yes,no,c760d15096e0a63e
row2,row2-falsifier,falsifier,block_full_operational_claim,PASS,yes,no,4563c8739c7cc06a
trilogy,trilogy-baseline,baseline,accepted_as_review_evidence,PASS,yes,no,f52bd3c7d5dbbfff
trilogy,trilogy-challenge,challenge,accept_only_with_boundary,PASS,yes,no,f895f308e367bd1d
trilogy,trilogy-falsifier,falsifier,block_full_operational_claim,PASS,yes,no,0a660712f77ad6b7
bias-atlas,bias-atlas-baseline,baseline,accepted_as_review_evidence,PASS,yes,no,afe30b402f371219
bias-atlas,bias-atlas-challenge,challenge,accept_only_with_boundary,PASS,yes,no,c9356760d1854682
bias-atlas,bias-atlas-falsifier,falsifier,block_full_operational_claim,PASS,yes,no,895f8a90b1357961
genocide-lab,genocide-lab-baseline,baseline,accepted_as_review_evidence,PASS,yes,no,a6815d218e782f32
genocide-lab,genocide-lab-challenge,challenge,accept_only_with_boundary,PASS,yes,no,4ffc8829e549c1a1
genocide-lab,genocide-lab-falsifier,falsifier,block_full_operational_claim,PASS,yes,no,8bacc2b5646130ca
mb-ic-analytic-technique-compendium-bundle-v0-1-v1-3,mb-ic-analytic-technique-compendium-bundle-v0-1-v1-3-baseline,baseline,accepted_as_review_evidence,PASS,yes,no,033a3ad03fb65a04
mb-ic-analytic-technique-compendium-bundle-v0-1-v1-3,mb-ic-analytic-technique-compendium-bundle-v0-1-v1-3-challenge,challenge,accept_only_with_boundary,PASS,yes,no,a21af3d0bd62fcb7
mb-ic-analytic-technique-compendium-bundle-v0-1-v1-3,mb-ic-analytic-technique-compendium-bundle-v0-1-v1-3-falsifier,falsifier,block_full_operational_claim,PASS,yes,no,e803a2832472ad08
native-aifailure-tax,native-aifailure-tax-baseline,baseline,accepted_as_review_evidence,PASS,yes,no,28cffe58f796e9a2
native-aifailure-tax,native-aifailure-tax-challenge,challenge,accept_only_with_boundary,PASS,yes,no,4b6caf033a7d4584
native-aifailure-tax,native-aifailure-tax-falsifier,falsifier,block_full_operational_claim,PASS,yes,no,42cf48557ac5ae25
native-aimodel-assess,native-aimodel-assess-baseline,baseline,accepted_as_review_evidence,PASS,yes,no,b2fd4d9ece35d77b
native-aimodel-assess,native-aimodel-assess-challenge,challenge,accept_only_with_boundary,PASS,yes,no,3eec9ad9d954ad56
native-aimodel-assess,native-aimodel-assess-falsifier,falsifier,block_full_operational_claim,PASS,yes,no,ef9ebf97e9604211
native-aiosintnarr,native-aiosintnarr-baseline,baseline,accepted_as_review_evidence,PASS,yes,no,e4e42e710a68ad8e
native-aiosintnarr,native-aiosintnarr-challenge,challenge,accept_only_with_boundary,PASS,yes,no,56c2b4d8f11b6a48
native-aiosintnarr,native-aiosintnarr-falsifier,falsifier,block_full_operational_claim,PASS,yes,no,92d5cb972d98d2c9
native-atanalysis,native-atanalysis-baseline,baseline,accepted_as_review_evidence,PASS,yes,no,ba95a05c99f9a5ef
native-atanalysis,native-atanalysis-challenge,challenge,accept_only_with_boundary,PASS,yes,no,38ceb37d353076a3
native-atanalysis,native-atanalysis-falsifier,falsifier,block_full_operational_claim,PASS,yes,no,431c7c318354cac1
native-cmanalysis,native-cmanalysis-baseline,baseline,accepted_as_review_evidence,PASS,yes,no,1c11472202572607
native-cmanalysis,native-cmanalysis-challenge,challenge,accept_only_with_boundary,PASS,yes,no,59f26f6c108ad61e
native-cmanalysis,native-cmanalysis-falsifier,falsifier,block_full_operational_claim,PASS,yes,no,904e0e87bbb05b03
native-cyanalysis,native-cyanalysis-baseline,baseline,accepted_as_review_evidence,PASS,yes,no,1b0fcd5c3eaca035
native-cyanalysis,native-cyanalysis-challenge,challenge,accept_only_with_boundary,PASS,yes,no,41ea721f0fe07923
native-cyanalysis,native-cyanalysis-falsifier,falsifier,block_full_operational_claim,PASS,yes,no,77d4fbe9c99d7a35
native-ddianalysis,native-ddianalysis-baseline,baseline,accepted_as_review_evidence,PASS,yes,no,0daa55cb61137e68
native-ddianalysis,native-ddianalysis-challenge,challenge,accept_only_with_boundary,PASS,yes,no,f4b1e8bef934a948
native-ddianalysis,native-ddianalysis-falsifier,falsifier,block_full_operational_claim,PASS,yes,no,3e64e84ffe5d9890
native-etanalysis,native-etanalysis-baseline,baseline,accepted_as_review_evidence,PASS,yes,no,aedf0c227f87bd28
native-etanalysis,native-etanalysis-challenge,challenge,accept_only_with_boundary,PASS,yes,no,e217bda32ee366f5
native-etanalysis,native-etanalysis-falsifier,falsifier,block_full_operational_claim,PASS,yes,no,232ecc3be7468c9d
native-fwanalysis,native-fwanalysis-baseline,baseline,accepted_as_review_evidence,PASS,yes,no,de99a65a1fca629a
native-fwanalysis,native-fwanalysis-challenge,challenge,accept_only_with_boundary,PASS,yes,no,3e6f4cb9e88e7bc3
native-fwanalysis,native-fwanalysis-falsifier,falsifier,block_full_operational_claim,PASS,yes,no,fce31a3f2faa717c
native-hsanalysis,native-hsanalysis-baseline,baseline,accepted_as_review_evidence,PASS,yes,no,727349b53d5b973f
native-hsanalysis,native-hsanalysis-challenge,challenge,accept_only_with_boundary,PASS,yes,no,0cc15d64664c497f
native-hsanalysis,native-hsanalysis-falsifier,falsifier,block_full_operational_claim,PASS,yes,no,f670726f78bed31b
native-icanalysis,native-icanalysis-baseline,baseline,accepted_as_review_evidence,PASS,yes,no,d201a03f27b6f696
native-icanalysis,native-icanalysis-challenge,challenge,accept_only_with_boundary,PASS,yes,no,4111da24c494a1ea
native-icanalysis,native-icanalysis-falsifier,falsifier,block_full_operational_claim,PASS,yes,no,d7acd98b3a72fa05
native-psanalysis,native-psanalysis-baseline,baseline,accepted_as_review_evidence,PASS,yes,no,43d56ee83338af6e
native-psanalysis,native-psanalysis-challenge,challenge,accept_only_with_boundary,PASS,yes,no,714628ab3d9ae1b0
native-psanalysis,native-psanalysis-falsifier,falsifier,block_full_operational_claim,PASS,yes,no,f361feb3a24b226f
native-wargaming,native-wargaming-baseline,baseline,accepted_as_review_evidence,PASS,yes,no,92d940d5558a39d0
native-wargaming,native-wargaming-challenge,challenge,accept_only_with_boundary,PASS,yes,no,f3d49cbf2f4cafaf
native-wargaming,native-wargaming-falsifier,falsifier,block_full_operational_claim,PASS,yes,no,30fe9535ef99304b
wargaming,wargaming-baseline,baseline,accepted_as_review_evidence,PASS,yes,no,18354a5d8741ba7a
wargaming,wargaming-challenge,challenge,accept_only_with_boundary,PASS,yes,no,03581ec6c4698922
wargaming,wargaming-falsifier,falsifier,block_full_operational_claim,PASS,yes,no,6811fc952f89a699
critical-functions-observatory,critical-functions-observatory-baseline,baseline,accepted_as_review_evidence,PASS,yes,no,845daf07eaa8727d
critical-functions-observatory,critical-functions-observatory-challenge,challenge,accept_only_with_boundary,PASS,yes,no,5a82246db3bdc801
critical-functions-observatory,critical-functions-observatory-falsifier,falsifier,block_full_operational_claim,PASS,yes,no,e05b7fc620258646
mb-russia-security-handoff-packet-done,mb-russia-security-handoff-packet-done-baseline,baseline,accepted_as_review_evidence,PASS,yes,no,581c313f7bd96851
mb-russia-security-handoff-packet-done,mb-russia-security-handoff-packet-done-challenge,challenge,accept_only_with_boundary,PASS,yes,no,32358472dee3ed13
mb-russia-security-handoff-packet-done,mb-russia-security-handoff-packet-done-falsifier,falsifier,block_full_operational_claim,PASS,yes,no,7ac8cafdf4e7895a
mb-narrative-furnace-handoff-pack-2026-04-14,mb-narrative-furnace-handoff-pack-2026-04-14-baseline,baseline,accepted_as_review_evidence,PASS,yes,no,05d85dfa5dd2b717
mb-narrative-furnace-handoff-pack-2026-04-14,mb-narrative-furnace-handoff-pack-2026-04-14-challenge,challenge,accept_only_with_boundary,PASS,yes,no,099e2350fb7ab85c
mb-narrative-furnace-handoff-pack-2026-04-14,mb-narrative-furnace-handoff-pack-2026-04-14-falsifier,falsifier,block_full_operational_claim,PASS,yes,no,1cd319651b97fe28
mb-redteamlab-proper-handoff-zip-2026-04-14,mb-redteamlab-proper-handoff-zip-2026-04-14-baseline,baseline,accepted_as_review_evidence,PASS,yes,no,6b85e260c07ad5f8
mb-redteamlab-proper-handoff-zip-2026-04-14,mb-redteamlab-proper-handoff-zip-2026-04-14-challenge,challenge,accept_only_with_boundary,PASS,yes,no,9e863cd090502abb
mb-redteamlab-proper-handoff-zip-2026-04-14,mb-redteamlab-proper-handoff-zip-2026-04-14-falsifier,falsifier,block_full_operational_claim,PASS,yes,no,18d91dc5ee877a73
mb-six-project-hardening-handoff-done-v1,mb-six-project-hardening-handoff-done-v1-baseline,baseline,accepted_as_review_evidence,PASS,yes,no,25125560613c1a0e
mb-six-project-hardening-handoff-done-v1,mb-six-project-hardening-handoff-done-v1-challenge,challenge,accept_only_with_boundary,PASS,yes,no,d303a8f18fa89851
mb-six-project-hardening-handoff-done-v1,mb-six-project-hardening-handoff-done-v1-falsifier,falsifier,block_full_operational_claim,PASS,yes,no,e454753e496ddbc8
mb-speechwriting-handoff-packet,mb-speechwriting-handoff-packet-baseline,baseline,accepted_as_review_evidence,PASS,yes,no,9208b6ec97d4d7e3
mb-speechwriting-handoff-packet,mb-speechwriting-handoff-packet-challenge,challenge,accept_only_with_boundary,PASS,yes,no,9c1a42359ec4b9a4
mb-speechwriting-handoff-packet,mb-speechwriting-handoff-packet-falsifier,falsifier,block_full_operational_claim,PASS,yes,no,b9271d727787cd9d
mb-cognitive-firewalls-foundry-handoff-v1,mb-cognitive-firewalls-foundry-handoff-v1-baseline,baseline,accepted_as_review_evidence,PASS,yes,no,df6d61a0a9da5068
mb-cognitive-firewalls-foundry-handoff-v1,mb-cognitive-firewalls-foundry-handoff-v1-challenge,challenge,accept_only_with_boundary,PASS,yes,no,5a1a5992448f94a0
mb-cognitive-firewalls-foundry-handoff-v1,mb-cognitive-firewalls-foundry-handoff-v1-falsifier,falsifier,block_full_operational_claim,PASS,yes,no,9106bd67f1395a6a
mb-redteamlab-packet1-proper-handoff-done,mb-redteamlab-packet1-proper-handoff-done-baseline,baseline,accepted_as_review_evidence,PASS,yes,no,90d8de8547665ebc
mb-redteamlab-packet1-proper-handoff-done,mb-redteamlab-packet1-proper-handoff-done-challenge,challenge,accept_only_with_boundary,PASS,yes,no,a3fa01b6f523c09e
mb-redteamlab-packet1-proper-handoff-done,mb-redteamlab-packet1-proper-handoff-done-falsifier,falsifier,block_full_operational_claim,PASS,yes,no,ab53fb9d4d7b26f4
native-london,native-london-baseline,baseline,accepted_as_review_evidence,PASS,yes,no,fb871e7f1c818c9f
native-london,native-london-challenge,challenge,accept_only_with_boundary,PASS,yes,no,5f18523d0847b526
native-london,native-london-falsifier,falsifier,block_full_operational_claim,PASS,yes,no,ab1572b3c07476d9
mb-hearthglass-handoff-v1,mb-hearthglass-handoff-v1-baseline,baseline,accepted_as_review_evidence,PASS,yes,no,4376aff9c960b2ec
mb-hearthglass-handoff-v1,mb-hearthglass-handoff-v1-challenge,challenge,accept_only_with_boundary,PASS,yes,no,35b4e0ec53673df0
mb-hearthglass-handoff-v1,mb-hearthglass-handoff-v1-falsifier,falsifier,block_full_operational_claim,PASS,yes,no,7ac573706386d1ce
mb-isc-symposium-command-room-handoff-pass3-done,mb-isc-symposium-command-room-handoff-pass3-done-baseline,baseline,accepted_as_review_evidence,PASS,yes,no,1648045c4ce5082d
mb-isc-symposium-command-room-handoff-pass3-done,mb-isc-symposium-command-room-handoff-pass3-done-challenge,challenge,accept_only_with_boundary,PASS,yes,no,3480b7612cfe8963
mb-isc-symposium-command-room-handoff-pass3-done,mb-isc-symposium-command-room-handoff-pass3-done-falsifier,falsifier,block_full_operational_claim,PASS,yes,no,255c51976ab8d4ea
mb-the-interval-chamber-of-refraction-handoff-v1,mb-the-interval-chamber-of-refraction-handoff-v1-baseline,baseline,accepted_as_review_evidence,PASS,yes,no,31e0dc7ced41c339
mb-the-interval-chamber-of-refraction-handoff-v1,mb-the-interval-chamber-of-refraction-handoff-v1-challenge,challenge,accept_only_with_boundary,PASS,yes,no,2e162e150cfc9ed7
mb-the-interval-chamber-of-refraction-handoff-v1,mb-the-interval-chamber-of-refraction-handoff-v1-falsifier,falsifier,block_full_operational_claim,PASS,yes,no,d8aebc5b01edbcd8
mb-counter-idiom-lab-proper-handoff-done,mb-counter-idiom-lab-proper-handoff-done-baseline,baseline,accepted_as_review_evidence,PASS,yes,no,12e0538de03d0d3b
mb-counter-idiom-lab-proper-handoff-done,mb-counter-idiom-lab-proper-handoff-done-challenge,challenge,accept_only_with_boundary,PASS,yes,no,191665e224a165fc
mb-counter-idiom-lab-proper-handoff-done,mb-counter-idiom-lab-proper-handoff-done-falsifier,falsifier,block_full_operational_claim,PASS,yes,no,e3e8f1b2b88f194e
mb-foreign-affairs-lexicon-handoff-v1,mb-foreign-affairs-lexicon-handoff-v1-baseline,baseline,accepted_as_review_evidence,PASS,yes,no,2fb185b9bbff72f0
mb-foreign-affairs-lexicon-handoff-v1,mb-foreign-affairs-lexicon-handoff-v1-challenge,challenge,accept_only_with_boundary,PASS,yes,no,d4f0f821da954e23
mb-foreign-affairs-lexicon-handoff-v1,mb-foreign-affairs-lexicon-handoff-v1-falsifier,falsifier,block_full_operational_claim,PASS,yes,no,205ac09e1549c504
mb-georgetown-ic-handoff-done,mb-georgetown-ic-handoff-done-baseline,baseline,accepted_as_review_evidence,PASS,yes,no,8228acbdccc515f8
mb-georgetown-ic-handoff-done,mb-georgetown-ic-handoff-done-challenge,challenge,accept_only_with_boundary,PASS,yes,no,f7676da9961356cb
mb-georgetown-ic-handoff-done,mb-georgetown-ic-handoff-done-falsifier,falsifier,block_full_operational_claim,PASS,yes,no,76da524a13045761
mb-gotham-lossless-replacement-archive-2026-04-15,mb-gotham-lossless-replacement-archive-2026-04-15-baseline,baseline,accepted_as_review_evidence,PASS,yes,no,cc6dd619805c6fd5
mb-gotham-lossless-replacement-archive-2026-04-15,mb-gotham-lossless-replacement-archive-2026-04-15-challenge,challenge,accept_only_with_boundary,PASS,yes,no,fcc2a46e3d5e0a18
mb-gotham-lossless-replacement-archive-2026-04-15,mb-gotham-lossless-replacement-archive-2026-04-15-falsifier,falsifier,block_full_operational_claim,PASS,yes,no,e2ca625e9ca1e325
mb-internal-operating-support-003,mb-internal-operating-support-003-baseline,baseline,accepted_as_review_evidence,PASS,yes,no,5649385aa58004a0
mb-internal-operating-support-003,mb-internal-operating-support-003-challenge,challenge,accept_only_with_boundary,PASS,yes,no,5e328ab046490ce3
mb-internal-operating-support-003,mb-internal-operating-support-003-falsifier,falsifier,block_full_operational_claim,PASS,yes,no,fdfcfbc0704b7cf6
mb-internal-operating-support-004,mb-internal-operating-support-004-baseline,baseline,accepted_as_review_evidence,PASS,yes,no,9c8608c644028f29
mb-internal-operating-support-004,mb-internal-operating-support-004-challenge,challenge,accept_only_with_boundary,PASS,yes,no,b25aba3b415078da
mb-internal-operating-support-004,mb-internal-operating-support-004-falsifier,falsifier,block_full_operational_claim,PASS,yes,no,faf84dbe5b52e735
mb-internal-operating-support-007,mb-internal-operating-support-007-baseline,baseline,accepted_as_review_evidence,PASS,yes,no,f04bf0968bba3e40
mb-internal-operating-support-007,mb-internal-operating-support-007-challenge,challenge,accept_only_with_boundary,PASS,yes,no,bb88653446fe028a
mb-internal-operating-support-007,mb-internal-operating-support-007-falsifier,falsifier,block_full_operational_claim,PASS,yes,no,dc6fbfb3bc038bd5
mb-internal-operating-support-008,mb-internal-operating-support-008-baseline,baseline,accepted_as_review_evidence,PASS,yes,no,fc753b0cb19e5aae
mb-internal-operating-support-008,mb-internal-operating-support-008-challenge,challenge,accept_only_with_boundary,PASS,yes,no,1a5abc11b344c3b0
mb-internal-operating-support-008,mb-internal-operating-support-008-falsifier,falsifier,block_full_operational_claim,PASS,yes,no,25921e280cb5cfa5
mb-internal-operating-support-011,mb-internal-operating-support-011-baseline,baseline,accepted_as_review_evidence,PASS,yes,no,5278f9142290c35d
mb-internal-operating-support-011,mb-internal-operating-support-011-challenge,challenge,accept_only_with_boundary,PASS,yes,no,113ff9c14436970a
mb-internal-operating-support-011,mb-internal-operating-support-011-falsifier,falsifier,block_full_operational_claim,PASS,yes,no,7a408dc81fd52acb
mb-internal-operating-support-012,mb-internal-operating-support-012-baseline,baseline,accepted_as_review_evidence,PASS,yes,no,f2403e6ef1395497
mb-internal-operating-support-012,mb-internal-operating-support-012-challenge,challenge,accept_only_with_boundary,PASS,yes,no,679d11c7534db80c
mb-internal-operating-support-012,mb-internal-operating-support-012-falsifier,falsifier,block_full_operational_claim,PASS,yes,no,cfb404af75570099
mb-internal-operating-support-015,mb-internal-operating-support-015-baseline,baseline,accepted_as_review_evidence,PASS,yes,no,b70f8c7d27b2725c
mb-internal-operating-support-015,mb-internal-operating-support-015-challenge,challenge,accept_only_with_boundary,PASS,yes,no,87ceda2d09429b31
mb-internal-operating-support-015,mb-internal-operating-support-015-falsifier,falsifier,block_full_operational_claim,PASS,yes,no,2b0bb10239150584
mb-internal-operating-support-016,mb-internal-operating-support-016-baseline,baseline,accepted_as_review_evidence,PASS,yes,no,6cfbe4d3a69662e7
mb-internal-operating-support-016,mb-internal-operating-support-016-challenge,challenge,accept_only_with_boundary,PASS,yes,no,1a3e0fdd1133c5ab
mb-internal-operating-support-016,mb-internal-operating-support-016-falsifier,falsifier,block_full_operational_claim,PASS,yes,no,7fc6c0f39c5857b3
mb-internal-operating-support-019,mb-internal-operating-support-019-baseline,baseline,accepted_as_review_evidence,PASS,yes,no,95eddba270d256b0
mb-internal-operating-support-019,mb-internal-operating-support-019-challenge,challenge,accept_only_with_boundary,PASS,yes,no,d66e5f9f126b3f3d
mb-internal-operating-support-019,mb-internal-operating-support-019-falsifier,falsifier,block_full_operational_claim,PASS,yes,no,403abaaf4b4284f3
mb-internal-operating-support-020,mb-internal-operating-support-020-baseline,baseline,accepted_as_review_evidence,PASS,yes,no,c8f13c66b0100c96
mb-internal-operating-support-020,mb-internal-operating-support-020-challenge,challenge,accept_only_with_boundary,PASS,yes,no,2f12e9d8764d7fc5
mb-internal-operating-support-020,mb-internal-operating-support-020-falsifier,falsifier,block_full_operational_claim,PASS,yes,no,ca26a10481cd82c8
mb-internal-operating-support-023,mb-internal-operating-support-023-baseline,baseline,accepted_as_review_evidence,PASS,yes,no,3f07ab2ec5136c3d
mb-internal-operating-support-023,mb-internal-operating-support-023-challenge,challenge,accept_only_with_boundary,PASS,yes,no,27859d95a6a17eaa
mb-internal-operating-support-023,mb-internal-operating-support-023-falsifier,falsifier,block_full_operational_claim,PASS,yes,no,90ef3b24893e420b
mb-internal-operating-support-024,mb-internal-operating-support-024-baseline,baseline,accepted_as_review_evidence,PASS,yes,no,f838009e33c56ca0
mb-internal-operating-support-024,mb-internal-operating-support-024-challenge,challenge,accept_only_with_boundary,PASS,yes,no,6a13178db5d0701a
mb-internal-operating-support-024,mb-internal-operating-support-024-falsifier,falsifier,block_full_operational_claim,PASS,yes,no,530808022eae5727
mb-internal-operating-support-027,mb-internal-operating-support-027-baseline,baseline,accepted_as_review_evidence,PASS,yes,no,da96bf872a8b3b23
mb-internal-operating-support-027,mb-internal-operating-support-027-challenge,challenge,accept_only_with_boundary,PASS,yes,no,b6c536385ea012d8
mb-internal-operating-support-027,mb-internal-operating-support-027-falsifier,falsifier,block_full_operational_claim,PASS,yes,no,ffe0bc212ad47272
mb-internal-operating-support-028,mb-internal-operating-support-028-baseline,baseline,accepted_as_review_evidence,PASS,yes,no,82c0f0ea14c108b7
mb-internal-operating-support-028,mb-internal-operating-support-028-challenge,challenge,accept_only_with_boundary,PASS,yes,no,3d3079d22fa61b4b
mb-internal-operating-support-028,mb-internal-operating-support-028-falsifier,falsifier,block_full_operational_claim,PASS,yes,no,68b5257254899d6c
mb-internal-operating-support-031,mb-internal-operating-support-031-baseline,baseline,accepted_as_review_evidence,PASS,yes,no,3596c7bdbb37e4f7
mb-internal-operating-support-031,mb-internal-operating-support-031-challenge,challenge,accept_only_with_boundary,PASS,yes,no,1e4cc60b6ce873ca
mb-internal-operating-support-031,mb-internal-operating-support-031-falsifier,falsifier,block_full_operational_claim,PASS,yes,no,249c0c49c6190bb3
mb-internal-operating-support-032,mb-internal-operating-support-032-baseline,baseline,accepted_as_review_evidence,PASS,yes,no,0ef87dbf41d4d423
mb-internal-operating-support-032,mb-internal-operating-support-032-challenge,challenge,accept_only_with_boundary,PASS,yes,no,ae1147296ab09a95
mb-internal-operating-support-032,mb-internal-operating-support-032-falsifier,falsifier,block_full_operational_claim,PASS,yes,no,0efa578b5a1695a8
mb-internal-operating-support-035,mb-internal-operating-support-035-baseline,baseline,accepted_as_review_evidence,PASS,yes,no,a6a110bd331a5339
mb-internal-operating-support-035,mb-internal-operating-support-035-challenge,challenge,accept_only_with_boundary,PASS,yes,no,8dc8c5eaebf164ae
mb-internal-operating-support-035,mb-internal-operating-support-035-falsifier,falsifier,block_full_operational_claim,PASS,yes,no,9a75a696945c0042
mb-internal-operating-support-036,mb-internal-operating-support-036-baseline,baseline,accepted_as_review_evidence,PASS,yes,no,908482e9bf8b16c1
mb-internal-operating-support-036,mb-internal-operating-support-036-challenge,challenge,accept_only_with_boundary,PASS,yes,no,9690ad73dc4670ba
mb-internal-operating-support-036,mb-internal-operating-support-036-falsifier,falsifier,block_full_operational_claim,PASS,yes,no,3e5fae55bffe5e34
mb-sophisticated-expression-lexicon-handoff,mb-sophisticated-expression-lexicon-handoff-baseline,baseline,accepted_as_review_evidence,PASS,yes,no,c52d19078927e7d7
mb-sophisticated-expression-lexicon-handoff,mb-sophisticated-expression-lexicon-handoff-challenge,challenge,accept_only_with_boundary,PASS,yes,no,7aa33ad4f303125b
mb-sophisticated-expression-lexicon-handoff,mb-sophisticated-expression-lexicon-handoff-falsifier,falsifier,block_full_operational_claim,PASS,yes,no,0412c332e504a130
mb-ic-analyst-portfolio-handoff-pass1,mb-ic-analyst-portfolio-handoff-pass1-baseline,baseline,accepted_as_review_evidence,PASS,yes,no,3704d75aab67b8ba
mb-ic-analyst-portfolio-handoff-pass1,mb-ic-analyst-portfolio-handoff-pass1-challenge,challenge,accept_only_with_boundary,PASS,yes,no,40be133123d95b35
mb-ic-analyst-portfolio-handoff-pass1,mb-ic-analyst-portfolio-handoff-pass1-falsifier,falsifier,block_full_operational_claim,PASS,yes,no,a789e02f3ca07ec0
mb-individual-democratic-dialectic-final-handoff-done,mb-individual-democratic-dialectic-final-handoff-done-baseline,baseline,accepted_as_review_evidence,PASS,yes,no,7d19aa5c18b49a88
mb-individual-democratic-dialectic-final-handoff-done,mb-individual-democratic-dialectic-final-handoff-done-challenge,challenge,accept_only_with_boundary,PASS,yes,no,fd2c75e00a012df5
mb-individual-democratic-dialectic-final-handoff-done,mb-individual-democratic-dialectic-final-handoff-done-falsifier,falsifier,block_full_operational_claim,PASS,yes,no,b0483208355589b2
mb-ukraine-handoff-packet,mb-ukraine-handoff-packet-baseline,baseline,accepted_as_review_evidence,PASS,yes,no,366b64ec6c4bfa3b
mb-ukraine-handoff-packet,mb-ukraine-handoff-packet-challenge,challenge,accept_only_with_boundary,PASS,yes,no,9dc3806f8885706f
mb-ukraine-handoff-packet,mb-ukraine-handoff-packet-falsifier,falsifier,block_full_operational_claim,PASS,yes,no,f6884231348739a9
mb-briefingforgeroom-handoff-pass4-done,mb-briefingforgeroom-handoff-pass4-done-baseline,baseline,accepted_as_review_evidence,PASS,yes,no,a98f6c8d9fa842d5
mb-briefingforgeroom-handoff-pass4-done,mb-briefingforgeroom-handoff-pass4-done-challenge,challenge,accept_only_with_boundary,PASS,yes,no,58a79254bc3c9df0
mb-briefingforgeroom-handoff-pass4-done,mb-briefingforgeroom-handoff-pass4-done-falsifier,falsifier,block_full_operational_claim,PASS,yes,no,c50a82fcec6d977e
mb-comparative-genocide-systems-lab-handoff-v1-0,mb-comparative-genocide-systems-lab-handoff-v1-0-baseline,baseline,accepted_as_review_evidence,PASS,yes,no,d12dc6f23f4dd969
mb-comparative-genocide-systems-lab-handoff-v1-0,mb-comparative-genocide-systems-lab-handoff-v1-0-challenge,challenge,accept_only_with_boundary,PASS,yes,no,664a07faaad6e32c
mb-comparative-genocide-systems-lab-handoff-v1-0,mb-comparative-genocide-systems-lab-handoff-v1-0-falsifier,falsifier,block_full_operational_claim,PASS,yes,no,2b66e459b71b86cf
mb-comparative-rhetoric-final,mb-comparative-rhetoric-final-baseline,baseline,accepted_as_review_evidence,PASS,yes,no,dcdb1fd8902031d5
mb-comparative-rhetoric-final,mb-comparative-rhetoric-final-challenge,challenge,accept_only_with_boundary,PASS,yes,no,db7e92d96622dd3d
mb-comparative-rhetoric-final,mb-comparative-rhetoric-final-falsifier,falsifier,block_full_operational_claim,PASS,yes,no,bfd9f99a43c84295
mb-fractal-keep-handoff-v1,mb-fractal-keep-handoff-v1-baseline,baseline,accepted_as_review_evidence,PASS,yes,no,5121225ac6087d27
mb-fractal-keep-handoff-v1,mb-fractal-keep-handoff-v1-challenge,challenge,accept_only_with_boundary,PASS,yes,no,d834b3cb60418612
mb-fractal-keep-handoff-v1,mb-fractal-keep-handoff-v1-falsifier,falsifier,block_full_operational_claim,PASS,yes,no,c9fa582ef3404d5f
mb-internal-operating-support-001,mb-internal-operating-support-001-baseline,baseline,accepted_as_review_evidence,PASS,yes,no,9e24d912cf7cdfa4
mb-internal-operating-support-001,mb-internal-operating-support-001-challenge,challenge,accept_only_with_boundary,PASS,yes,no,3341dd7e101c81b7
mb-internal-operating-support-001,mb-internal-operating-support-001-falsifier,falsifier,block_full_operational_claim,PASS,yes,no,aaf4af87e02900f2
mb-internal-operating-support-002,mb-internal-operating-support-002-baseline,baseline,accepted_as_review_evidence,PASS,yes,no,9403df1d68249539
mb-internal-operating-support-002,mb-internal-operating-support-002-challenge,challenge,accept_only_with_boundary,PASS,yes,no,ffe12864c74f2cad
mb-internal-operating-support-002,mb-internal-operating-support-002-falsifier,falsifier,block_full_operational_claim,PASS,yes,no,887d7b46a5892752
mb-internal-operating-support-005,mb-internal-operating-support-005-baseline,baseline,accepted_as_review_evidence,PASS,yes,no,82d16642af44fd15
mb-internal-operating-support-005,mb-internal-operating-support-005-challenge,challenge,accept_only_with_boundary,PASS,yes,no,90876ed1ffaa2869
mb-internal-operating-support-005,mb-internal-operating-support-005-falsifier,falsifier,block_full_operational_claim,PASS,yes,no,088af32ee730c672
mb-internal-operating-support-006,mb-internal-operating-support-006-baseline,baseline,accepted_as_review_evidence,PASS,yes,no,5add143fc6f5077e
mb-internal-operating-support-006,mb-internal-operating-support-006-challenge,challenge,accept_only_with_boundary,PASS,yes,no,fa83fb4b9b1501cb
mb-internal-operating-support-006,mb-internal-operating-support-006-falsifier,falsifier,block_full_operational_claim,PASS,yes,no,5f122ad3f258ebe1
mb-internal-operating-support-009,mb-internal-operating-support-009-baseline,baseline,accepted_as_review_evidence,PASS,yes,no,b4cca6a8280d300a
mb-internal-operating-support-009,mb-internal-operating-support-009-challenge,challenge,accept_only_with_boundary,PASS,yes,no,b2b394a85acd1176
mb-internal-operating-support-009,mb-internal-operating-support-009-falsifier,falsifier,block_full_operational_claim,PASS,yes,no,11a56529c3988fa2
mb-internal-operating-support-010,mb-internal-operating-support-010-baseline,baseline,accepted_as_review_evidence,PASS,yes,no,d6f4ea416243b6ea
mb-internal-operating-support-010,mb-internal-operating-support-010-challenge,challenge,accept_only_with_boundary,PASS,yes,no,6e260db02ae26103
mb-internal-operating-support-010,mb-internal-operating-support-010-falsifier,falsifier,block_full_operational_claim,PASS,yes,no,bf17973f97f55e00
mb-internal-operating-support-013,mb-internal-operating-support-013-baseline,baseline,accepted_as_review_evidence,PASS,yes,no,ca753c5f3c047577
mb-internal-operating-support-013,mb-internal-operating-support-013-challenge,challenge,accept_only_with_boundary,PASS,yes,no,c59fd360671fa1b5
mb-internal-operating-support-013,mb-internal-operating-support-013-falsifier,falsifier,block_full_operational_claim,PASS,yes,no,e902e7687c7159d3
mb-internal-operating-support-014,mb-internal-operating-support-014-baseline,baseline,accepted_as_review_evidence,PASS,yes,no,b9c3fa7a9bc29992
mb-internal-operating-support-014,mb-internal-operating-support-014-challenge,challenge,accept_only_with_boundary,PASS,yes,no,3152bee948a087b2
mb-internal-operating-support-014,mb-internal-operating-support-014-falsifier,falsifier,block_full_operational_claim,PASS,yes,no,e72af2d4a8bf10c8
mb-internal-operating-support-017,mb-internal-operating-support-017-baseline,baseline,accepted_as_review_evidence,PASS,yes,no,7d7ac56a8ee10e26
mb-internal-operating-support-017,mb-internal-operating-support-017-challenge,challenge,accept_only_with_boundary,PASS,yes,no,e1b195885417b612
mb-internal-operating-support-017,mb-internal-operating-support-017-falsifier,falsifier,block_full_operational_claim,PASS,yes,no,a2055692e098c34a
mb-internal-operating-support-018,mb-internal-operating-support-018-baseline,baseline,accepted_as_review_evidence,PASS,yes,no,55f7ad4a058bdd5b
mb-internal-operating-support-018,mb-internal-operating-support-018-challenge,challenge,accept_only_with_boundary,PASS,yes,no,cb0e8771f10e69ff
mb-internal-operating-support-018,mb-internal-operating-support-018-falsifier,falsifier,block_full_operational_claim,PASS,yes,no,429e6e44fa359a46
mb-internal-operating-support-021,mb-internal-operating-support-021-baseline,baseline,accepted_as_review_evidence,PASS,yes,no,f75ffd1c99c265c1
mb-internal-operating-support-021,mb-internal-operating-support-021-challenge,challenge,accept_only_with_boundary,PASS,yes,no,ffea78bd528b76f5
mb-internal-operating-support-021,mb-internal-operating-support-021-falsifier,falsifier,block_full_operational_claim,PASS,yes,no,4e12578c10043e15
mb-internal-operating-support-022,mb-internal-operating-support-022-baseline,baseline,accepted_as_review_evidence,PASS,yes,no,c65edd484f3b27f3
mb-internal-operating-support-022,mb-internal-operating-support-022-challenge,challenge,accept_only_with_boundary,PASS,yes,no,f68676281cf79c00
mb-internal-operating-support-022,mb-internal-operating-support-022-falsifier,falsifier,block_full_operational_claim,PASS,yes,no,315d54d88e027cbd
mb-internal-operating-support-025,mb-internal-operating-support-025-baseline,baseline,accepted_as_review_evidence,PASS,yes,no,c9d4edf70f78f4a1
mb-internal-operating-support-025,mb-internal-operating-support-025-challenge,challenge,accept_only_with_boundary,PASS,yes,no,93fd7f2de92f9651
mb-internal-operating-support-025,mb-internal-operating-support-025-falsifier,falsifier,block_full_operational_claim,PASS,yes,no,5192793160fe44ae
mb-internal-operating-support-026,mb-internal-operating-support-026-baseline,baseline,accepted_as_review_evidence,PASS,yes,no,ae6f1e9a521411aa
mb-internal-operating-support-026,mb-internal-operating-support-026-challenge,challenge,accept_only_with_boundary,PASS,yes,no,db4e7e4d7b9083f3
mb-internal-operating-support-026,mb-internal-operating-support-026-falsifier,falsifier,block_full_operational_claim,PASS,yes,no,08e18c72e7b6f02d
mb-internal-operating-support-029,mb-internal-operating-support-029-baseline,baseline,accepted_as_review_evidence,PASS,yes,no,4c3bad39ea0b61d0
mb-internal-operating-support-029,mb-internal-operating-support-029-challenge,challenge,accept_only_with_boundary,PASS,yes,no,e7fe4d4c3a572349
mb-internal-operating-support-029,mb-internal-operating-support-029-falsifier,falsifier,block_full_operational_claim,PASS,yes,no,fa7932312c4fff22
mb-internal-operating-support-030,mb-internal-operating-support-030-baseline,baseline,accepted_as_review_evidence,PASS,yes,no,09d8fea95733b2ed
mb-internal-operating-support-030,mb-internal-operating-support-030-challenge,challenge,accept_only_with_boundary,PASS,yes,no,432fc027f6388fbf
mb-internal-operating-support-030,mb-internal-operating-support-030-falsifier,falsifier,block_full_operational_claim,PASS,yes,no,5efaf12d100b65fc
mb-internal-operating-support-033,mb-internal-operating-support-033-baseline,baseline,accepted_as_review_evidence,PASS,yes,no,12c2dd12a9de681d
mb-internal-operating-support-033,mb-internal-operating-support-033-challenge,challenge,accept_only_with_boundary,PASS,yes,no,ace9d9b55ba4990c
mb-internal-operating-support-033,mb-internal-operating-support-033-falsifier,falsifier,block_full_operational_claim,PASS,yes,no,70d897e8e035284c
mb-internal-operating-support-034,mb-internal-operating-support-034-baseline,baseline,accepted_as_review_evidence,PASS,yes,no,5f24713113ae6ef3
mb-internal-operating-support-034,mb-internal-operating-support-034-challenge,challenge,accept_only_with_boundary,PASS,yes,no,7d37403f1af59111
mb-internal-operating-support-034,mb-internal-operating-support-034-falsifier,falsifier,block_full_operational_claim,PASS,yes,no,aa25680df17fbe15
mb-redteamlab-proper-handoff-package-2026-04-14,mb-redteamlab-proper-handoff-package-2026-04-14-baseline,baseline,accepted_as_review_evidence,PASS,yes,no,31f4f104c540d78a
mb-redteamlab-proper-handoff-package-2026-04-14,mb-redteamlab-proper-handoff-package-2026-04-14-challenge,challenge,accept_only_with_boundary,PASS,yes,no,8dd3894bfad67cb1
mb-redteamlab-proper-handoff-package-2026-04-14,mb-redteamlab-proper-handoff-package-2026-04-14-falsifier,falsifier,block_full_operational_claim,PASS,yes,no,1dae3a1e1dc11ea5
mb-rfp-handoff-ch01-02-done,mb-rfp-handoff-ch01-02-done-baseline,baseline,accepted_as_review_evidence,PASS,yes,no,d84c5762a8c2334c
mb-rfp-handoff-ch01-02-done,mb-rfp-handoff-ch01-02-done-challenge,challenge,accept_only_with_boundary,PASS,yes,no,3c1c941bbab10558
mb-rfp-handoff-ch01-02-done,mb-rfp-handoff-ch01-02-done-falsifier,falsifier,block_full_operational_claim,PASS,yes,no,44f96fd306f606b9
mb-wargaming-handoff-pass1,mb-wargaming-handoff-pass1-baseline,baseline,accepted_as_review_evidence,PASS,yes,no,59254ae95924a71d
mb-wargaming-handoff-pass1,mb-wargaming-handoff-pass1-challenge,challenge,accept_only_with_boundary,PASS,yes,no,5da4ea2fbca0c5c3
mb-wargaming-handoff-pass1,mb-wargaming-handoff-pass1-falsifier,falsifier,block_full_operational_claim,PASS,yes,no,8520209e2288e3d0
native-applied-history-lab,native-applied-history-lab-baseline,baseline,accepted_as_review_evidence,PASS,yes,no,54744b13a1c8031a
native-applied-history-lab,native-applied-history-lab-challenge,challenge,accept_only_with_boundary,PASS,yes,no,8b925583aca337b5
native-applied-history-lab,native-applied-history-lab-falsifier,falsifier,block_full_operational_claim,PASS,yes,no,4b5b46dfbd33a492
native-emt,native-emt-baseline,baseline,accepted_as_review_evidence,PASS,yes,no,f4b32c57b986d37e
native-emt,native-emt-challenge,challenge,accept_only_with_boundary,PASS,yes,no,7b5ced5182305eab
native-emt,native-emt-falsifier,falsifier,block_full_operational_claim,PASS,yes,no,662c040a84b3159b
native-habitat,native-habitat-baseline,baseline,accepted_as_review_evidence,PASS,yes,no,b73db7b0dc2c435c
native-habitat,native-habitat-challenge,challenge,accept_only_with_boundary,PASS,yes,no,e09b3c4fd3addce2
native-habitat,native-habitat-falsifier,falsifier,block_full_operational_claim,PASS,yes,no,2848bafbe3e2ac4a
native-master-bundle-pages,native-master-bundle-pages-baseline,baseline,accepted_as_review_evidence,PASS,yes,no,7421697405a451ce
native-master-bundle-pages,native-master-bundle-pages-challenge,challenge,accept_only_with_boundary,PASS,yes,no,d889a626e2de17b6
native-master-bundle-pages,native-master-bundle-pages-falsifier,falsifier,block_full_operational_claim,PASS,yes,no,f80b5a4640f97398
native-pharm,native-pharm-baseline,baseline,accepted_as_review_evidence,PASS,yes,no,f7e9d4e56bb2ecc2
native-pharm,native-pharm-challenge,challenge,accept_only_with_boundary,PASS,yes,no,9fcd2545d2aab7f5
native-pharm,native-pharm-falsifier,falsifier,block_full_operational_claim,PASS,yes,no,09ff0714ff0672e3
native-respite,native-respite-baseline,baseline,accepted_as_review_evidence,PASS,yes,no,42eb0cba20cc7e9b
native-respite,native-respite-challenge,challenge,accept_only_with_boundary,PASS,yes,no,5944c5796f3dfeb9
native-respite,native-respite-falsifier,falsifier,block_full_operational_claim,PASS,yes,no,8e696694c99c81ea
native-uscri,native-uscri-baseline,baseline,accepted_as_review_evidence,PASS,yes,no,fdb3163449134ad1
native-uscri,native-uscri-challenge,challenge,accept_only_with_boundary,PASS,yes,no,66ee81588f8af3a2
native-uscri,native-uscri-falsifier,falsifier,block_full_operational_claim,PASS,yes,no,32df53d597b7a66f
red-team-lab,red-team-lab-baseline,baseline,accepted_as_review_evidence,PASS,yes,no,8610b45edc47405e
red-team-lab,red-team-lab-challenge,challenge,accept_only_with_boundary,PASS,yes,no,f33c0029198c4309
red-team-lab,red-team-lab-falsifier,falsifier,block_full_operational_claim,PASS,yes,no,bb38e97ccdc0857d
