project_id,product_name,contract_count,candidate_files_found,unlocated_sources,proof_capsules_touched,high_priority_count,highest_priority_next_action
mb-russia-intelligence-analysis-final-handoff,3-page Russia integrated-strategy assessment (V1-V4 convergence),5,5,0,3,0,"After close reading, update operation_to_run and source_bound_test for 3-page Russia integrated-strategy assessment (V1-V4 convergence) and attach the passage note to the listed proof capsule(s)."
row14,Defensive Retrieval Research - future study on retrieval-augmented-generation poisoning,5,5,0,3,0,"After close reading, update operation_to_run and source_bound_test for Defensive Retrieval Research - future study on retrieval-augmented-generation poisoning and attach the passage note to the listed proof capsule(s)."
applied-history,Applied History - lab for using historical case study to inform contemporary policy,4,4,0,3,0,"After close reading, update inspection_protocol and acceptance_test for Applied History - lab for using historical case study to inform contemporary policy and attach the passage note to the listed proof capsule(s)."
critical-functions-observatory,Critical Functions Observatory - defensive UAS / critical-infrastructure research lab,4,4,0,3,0,"After close reading, update inspection_protocol and acceptance_test for Critical Functions Observatory - defensive UAS / critical-infrastructure research lab and attach the passage note to the listed proof capsule(s)."
isc-proposals,Counterintelligence Surveillance Framework - Beyond Surveillance Maximalism: a Smart Surveillance Scaling (S3) proposal,4,4,0,3,0,"After close reading, update inspection_protocol and acceptance_test for Counterintelligence Surveillance Framework - Beyond Surveillance Maximalism: a Smart Surveillance Scaling (S3) proposal and attach the passage note to the listed proof capsule(s)."
mb-ar-sat-room-handoff-v0-1,AR-SAT Room,4,4,0,3,0,"After close reading, update inspection_protocol and acceptance_test for AR-SAT Room and attach the passage note to the listed proof capsule(s)."
mb-cia-do-career-handoff-v1,500-role ranked search universe (250 federal + 250 private),4,4,0,3,0,"After close reading, update inspection_protocol and acceptance_test for 500-role ranked search universe (250 federal + 250 private) and attach the passage note to the listed proof capsule(s)."
mb-cia-russian-ci-handoff-packet,Credential stack + 90-day plan + Competency Tracker CSV,4,4,0,3,0,"After close reading, update operation_to_run and source_bound_test for Credential stack + 90-day plan + Competency Tracker CSV and attach the passage note to the listed proof capsule(s)."
mb-cognitive-firewalls-foundry-handoff-v1,Cognitive Firewalls Foundry,4,4,0,3,0,"After close reading, update inspection_protocol and acceptance_test for Cognitive Firewalls Foundry and attach the passage note to the listed proof capsule(s)."
mb-counter-idiom-lab-proper-handoff-done,Counter-Idiom Lab,4,4,0,3,0,"After close reading, update inspection_protocol and acceptance_test for Counter-Idiom Lab and attach the passage note to the listed proof capsule(s)."
mb-dialectic-engine-room-pass1-handoff,Dialectic Engine,4,4,0,3,0,"After close reading, update inspection_protocol and acceptance_test for Dialectic Engine and attach the passage note to the listed proof capsule(s)."
mb-foreign-affairs-lexicon-handoff-v1,400 coined IR terms - 30 shortlist - 20 canon - 10 mini-theories,4,4,0,3,0,"After close reading, update inspection_protocol and acceptance_test for 400 coined IR terms - 30 shortlist - 20 canon - 10 mini-theories and attach the passage note to the listed proof capsule(s)."
mb-fractal-keep-handoff-v1,Fractal Keep,4,4,0,3,0,"After close reading, update inspection_protocol and acceptance_test for Fractal Keep and attach the passage note to the listed proof capsule(s)."
mb-georgetown-ic-handoff-done,Agency-targeting scorecard; 25 citations; FY2024-2026 NIP/MIP figures,4,4,0,3,0,"After close reading, update inspection_protocol and acceptance_test for Agency-targeting scorecard; 25 citations; FY2024-2026 NIP/MIP figures and attach the passage note to the listed proof capsule(s)."
mb-georgetown-technique-registry-master-50-bundle,"50-course Georgetown SSP registry; 7,500+ technique lines; capstone plug tags [SR/EP/IR/SC/G]",4,4,0,3,0,"After close reading, update inspection_protocol and acceptance_test for 50-course Georgetown SSP registry; 7,500+ technique lines; capstone plug tags [SR/EP/IR/SC/G] and attach the passage note to the listed proof capsule(s)."
mb-gotham-lossless-replacement-archive-2026-04-15,Batman/Gotham 9-tier archive; canon hierarchy + Azrael rule + Issue #1-2 proofs,4,4,0,3,0,"After close reading, update inspection_protocol and acceptance_test for Batman/Gotham 9-tier archive; canon hierarchy + Azrael rule + Issue #1-2 proofs and attach the passage note to the listed proof capsule(s)."
mb-hearthglass-handoff-v1,HearthGlass,4,4,0,3,0,"After close reading, update inspection_protocol and acceptance_test for HearthGlass and attach the passage note to the listed proof capsule(s)."
mb-ic-analyst-portfolio-handoff-pass1,IC analyst portfolio build kit; skill taxonomy S01-S26,4,4,0,3,0,"After close reading, update inspection_protocol and acceptance_test for IC analyst portfolio build kit; skill taxonomy S01-S26 and attach the passage note to the listed proof capsule(s)."
mb-individual-democratic-dialectic-final-handoff-done,IDDD Bibliographic Inventory,4,4,0,3,0,"After close reading, update inspection_protocol and acceptance_test for IDDD Bibliographic Inventory and attach the passage note to the listed proof capsule(s)."
mb-isc-symposium-command-room-handoff-pass3-done,ISC Symposium Command,4,4,0,3,0,"After close reading, update inspection_protocol and acceptance_test for ISC Symposium Command and attach the passage note to the listed proof capsule(s)."
mb-narrative-furnace-handoff-pack-2026-04-14,Narrative Furnace,4,4,0,3,0,"After close reading, update claim_ceiling and claim_blocked_until_capture for Narrative Furnace and attach the passage note to the listed proof capsule(s)."
mb-redteamlab-packet1-proper-handoff-done,Most implementation-ready: .patch + full files + snapshot + SQL verification + validation,4,4,0,3,0,"After close reading, update acceptance_test and capture_requirement for Most implementation-ready: .patch + full files + snapshot + SQL verification + validation and attach the passage note to the listed proof capsule(s)."
mb-redteamlab-proper-handoff-zip-2026-04-14,Cumulative-patch consolidator (4 historical patch packs merged),4,4,0,3,0,"After close reading, update inspection_protocol and acceptance_test for Cumulative-patch consolidator (4 historical patch packs merged) and attach the passage note to the listed proof capsule(s)."
mb-russia-security-handoff-packet-done,CARE framework gray-zone counter-strategy + red-team critique,4,4,0,3,0,"After close reading, update operation_to_run and source_bound_test for CARE framework gray-zone counter-strategy + red-team critique and attach the passage note to the listed proof capsule(s)."
mb-sat-handoff-v1,Canonical SAT dedup: 106 techniques normalized across 11 catalogues,4,4,0,3,0,"After close reading, update inspection_protocol and acceptance_test for Canonical SAT dedup: 106 techniques normalized across 11 catalogues and attach the passage note to the listed proof capsule(s)."
mb-six-project-hardening-handoff-done-v1,52 MB cross-project governance pack; nested 55 MB original bundle preserved,4,4,0,3,0,"After close reading, update observable_output and public_claim_allowed_now for 52 MB cross-project governance pack; nested 55 MB original bundle preserved and attach the passage note to the listed proof capsule(s)."
mb-sophisticated-expression-lexicon-handoff,"50-entry curated arsenal (of planned 1,000)",4,4,0,3,0,"After close reading, update inspection_protocol and acceptance_test for 50-entry curated arsenal (of planned 1,000) and attach the passage note to the listed proof capsule(s)."
mb-speechwriting-handoff-packet,"25×25 matrix framework (Warning labels populated, cell content NOT)",4,4,0,3,0,"After close reading, update acceptance_test and capture_requirement for 25×25 matrix framework (Warning labels populated, cell content NOT) and attach the passage note to the listed proof capsule(s)."
mb-the-interval-chamber-of-refraction-handoff-v1,Interval Chamber of Refraction,4,4,0,3,0,"After close reading, update inspection_protocol and acceptance_test for Interval Chamber of Refraction and attach the passage note to the listed proof capsule(s)."
mb-ukraine-handoff-packet,Three-lane civilian service plan; clearance-risk matrix SAFE/CAUTION/AVOID,4,4,0,3,0,"After close reading, update inspection_protocol and acceptance_test for Three-lane civilian service plan; clearance-risk matrix SAFE/CAUTION/AVOID and attach the passage note to the listed proof capsule(s)."
native-berlin,Berlin Occupation Zones and Refugee Crisis,4,4,0,3,0,"After close reading, update claim_ceiling and claim_blocked_until_capture for Berlin Occupation Zones and Refugee Crisis and attach the passage note to the listed proof capsule(s)."
native-cicc,ICC Complementarity Case Room,4,4,0,3,0,"After close reading, update acceptance_test and capture_requirement for ICC Complementarity Case Room and attach the passage note to the listed proof capsule(s)."
native-crusades,Crusades and Mediterranean Order,4,4,0,3,0,"After close reading, update acceptance_test and capture_requirement for Crusades and Mediterranean Order and attach the passage note to the listed proof capsule(s)."
native-iscproposals,Counterintelligence Surveillance Framework,4,4,0,3,0,"After close reading, update claim_ceiling and claim_blocked_until_capture for Counterintelligence Surveillance Framework and attach the passage note to the listed proof capsule(s)."
native-peace,Track II Diplomacy and Peacebuilding,4,4,0,3,0,"After close reading, update acceptance_test and capture_requirement for Track II Diplomacy and Peacebuilding and attach the passage note to the listed proof capsule(s)."
native-portfolio-index,Full Project Catalogue,4,4,0,3,0,"After close reading, update inspection_protocol and acceptance_test for Full Project Catalogue and attach the passage note to the listed proof capsule(s)."
native-russia,Russia,4,4,0,3,0,"After close reading, update input_fixture and observable_output for Russia and attach the passage note to the listed proof capsule(s)."
native-war-theory,War Theory and Strategic Culture,4,4,0,3,0,"After close reading, update acceptance_test and capture_requirement for War Theory and Strategic Culture and attach the passage note to the listed proof capsule(s)."
row11,Retrieval Integrity Evaluation - testing Retrieval-Augmented Generation (RAG) against retrieval poisoning and false-source failure,4,4,0,3,0,"After close reading, update input_fixture and falsification_rule for Retrieval Integrity Evaluation - testing Retrieval-Augmented Generation (RAG) against retrieval poisoning and false-source failure and attach the passage note to the listed proof capsule(s)."
row5,Defense Doctrine - defensive retrieval governance laboratory (claim-limit discipline),4,4,0,3,0,"After close reading, update input_fixture and falsification_rule for Defense Doctrine - defensive retrieval governance laboratory (claim-limit discipline) and attach the passage note to the listed proof capsule(s)."
decision-advantage-system,Decision Advantage System - operating architecture for intelligence and security organizations,3,3,0,3,0,"After close reading, update operation_to_run and source_bound_test for Decision Advantage System - operating architecture for intelligence and security organizations and attach the passage note to the listed proof capsule(s)."
mb-briefingforgeroom-handoff-pass4-done,Briefing Forge Room (code-ready),3,3,0,3,0,"After close reading, update inspection_protocol and acceptance_test for Briefing Forge Room (code-ready) and attach the passage note to the listed proof capsule(s)."
mb-ci-career-conversation-handoff-done,Conversation capture with structured JSON handoff,3,3,0,3,0,"After close reading, update inspection_protocol and acceptance_test for Conversation capture with structured JSON handoff and attach the passage note to the listed proof capsule(s)."
mb-ci-handoff-package,32 interdisciplinary frameworks attributed to specific thinkers,3,3,0,3,0,"After close reading, update inspection_protocol and acceptance_test for 32 interdisciplinary frameworks attributed to specific thinkers and attach the passage note to the listed proof capsule(s)."
mb-infragard-handoff,InfraGard preparatory note (minimal),3,3,0,3,0,"After close reading, update inspection_protocol and acceptance_test for InfraGard preparatory note (minimal) and attach the passage note to the listed proof capsule(s)."
mb-insinuationengineroom-handoff-done,Insinuation Engine,3,3,0,3,0,"After close reading, update inspection_protocol and acceptance_test for Insinuation Engine and attach the passage note to the listed proof capsule(s)."
mb-internal-operating-support-001,Internal Operating Support Packet 001,3,3,0,3,0,"After close reading, update inspection_protocol and acceptance_test for Internal Operating Support Packet 001 and attach the passage note to the listed proof capsule(s)."
mb-internal-operating-support-002,Internal Operating Support Packet 002,3,3,0,3,0,"After close reading, update inspection_protocol and acceptance_test for Internal Operating Support Packet 002 and attach the passage note to the listed proof capsule(s)."
mb-internal-operating-support-003,Internal Operating Support Packet 003,3,3,0,3,0,"After close reading, update inspection_protocol and acceptance_test for Internal Operating Support Packet 003 and attach the passage note to the listed proof capsule(s)."
mb-internal-operating-support-004,Internal Operating Support Packet 004,3,3,0,3,0,"After close reading, update inspection_protocol and acceptance_test for Internal Operating Support Packet 004 and attach the passage note to the listed proof capsule(s)."
mb-internal-operating-support-005,Internal Operating Support Packet 005,3,3,0,3,0,"After close reading, update inspection_protocol and acceptance_test for Internal Operating Support Packet 005 and attach the passage note to the listed proof capsule(s)."
mb-internal-operating-support-006,Internal Operating Support Packet 006,3,3,0,3,0,"After close reading, update inspection_protocol and acceptance_test for Internal Operating Support Packet 006 and attach the passage note to the listed proof capsule(s)."
mb-internal-operating-support-007,Internal Operating Support Packet 007,3,3,0,3,0,"After close reading, update inspection_protocol and acceptance_test for Internal Operating Support Packet 007 and attach the passage note to the listed proof capsule(s)."
mb-internal-operating-support-008,Internal Operating Support Packet 008,3,3,0,3,0,"After close reading, update inspection_protocol and acceptance_test for Internal Operating Support Packet 008 and attach the passage note to the listed proof capsule(s)."
mb-internal-operating-support-009,Internal Operating Support Packet 009,3,3,0,3,0,"After close reading, update inspection_protocol and acceptance_test for Internal Operating Support Packet 009 and attach the passage note to the listed proof capsule(s)."
mb-internal-operating-support-010,Internal Operating Support Packet 010,3,3,0,3,0,"After close reading, update inspection_protocol and acceptance_test for Internal Operating Support Packet 010 and attach the passage note to the listed proof capsule(s)."
mb-internal-operating-support-011,Internal Operating Support Packet 011,3,3,0,3,0,"After close reading, update inspection_protocol and acceptance_test for Internal Operating Support Packet 011 and attach the passage note to the listed proof capsule(s)."
mb-internal-operating-support-012,Internal Operating Support Packet 012,3,3,0,3,0,"After close reading, update inspection_protocol and acceptance_test for Internal Operating Support Packet 012 and attach the passage note to the listed proof capsule(s)."
mb-internal-operating-support-013,Internal Operating Support Packet 013,3,3,0,3,0,"After close reading, update inspection_protocol and acceptance_test for Internal Operating Support Packet 013 and attach the passage note to the listed proof capsule(s)."
mb-internal-operating-support-014,Internal Operating Support Packet 014,3,3,0,3,0,"After close reading, update inspection_protocol and acceptance_test for Internal Operating Support Packet 014 and attach the passage note to the listed proof capsule(s)."
mb-internal-operating-support-015,Internal Operating Support Packet 015,3,3,0,3,0,"After close reading, update inspection_protocol and acceptance_test for Internal Operating Support Packet 015 and attach the passage note to the listed proof capsule(s)."
mb-internal-operating-support-016,Internal Operating Support Packet 016,3,3,0,3,0,"After close reading, update inspection_protocol and acceptance_test for Internal Operating Support Packet 016 and attach the passage note to the listed proof capsule(s)."
mb-internal-operating-support-017,Internal Operating Support Packet 017,3,3,0,3,0,"After close reading, update inspection_protocol and acceptance_test for Internal Operating Support Packet 017 and attach the passage note to the listed proof capsule(s)."
mb-internal-operating-support-018,Internal Operating Support Packet 018,3,3,0,3,0,"After close reading, update inspection_protocol and acceptance_test for Internal Operating Support Packet 018 and attach the passage note to the listed proof capsule(s)."
mb-internal-operating-support-019,Internal Operating Support Packet 019,3,3,0,3,0,"After close reading, update inspection_protocol and acceptance_test for Internal Operating Support Packet 019 and attach the passage note to the listed proof capsule(s)."
mb-internal-operating-support-020,Internal Operating Support Packet 020,3,3,0,3,0,"After close reading, update inspection_protocol and acceptance_test for Internal Operating Support Packet 020 and attach the passage note to the listed proof capsule(s)."
mb-internal-operating-support-021,Internal Operating Support Packet 021,3,3,0,3,0,"After close reading, update inspection_protocol and acceptance_test for Internal Operating Support Packet 021 and attach the passage note to the listed proof capsule(s)."
mb-internal-operating-support-022,Internal Operating Support Packet 022,3,3,0,3,0,"After close reading, update inspection_protocol and acceptance_test for Internal Operating Support Packet 022 and attach the passage note to the listed proof capsule(s)."
mb-internal-operating-support-023,Internal Operating Support Packet 023,3,3,0,3,0,"After close reading, update inspection_protocol and acceptance_test for Internal Operating Support Packet 023 and attach the passage note to the listed proof capsule(s)."
mb-internal-operating-support-024,Internal Operating Support Packet 024,3,3,0,3,0,"After close reading, update inspection_protocol and acceptance_test for Internal Operating Support Packet 024 and attach the passage note to the listed proof capsule(s)."
mb-internal-operating-support-025,Internal Operating Support Packet 025,3,3,0,3,0,"After close reading, update inspection_protocol and acceptance_test for Internal Operating Support Packet 025 and attach the passage note to the listed proof capsule(s)."
mb-internal-operating-support-026,Internal Operating Support Packet 026,3,3,0,3,0,"After close reading, update inspection_protocol and acceptance_test for Internal Operating Support Packet 026 and attach the passage note to the listed proof capsule(s)."
mb-internal-operating-support-027,Internal Operating Support Packet 027,3,3,0,3,0,"After close reading, update inspection_protocol and acceptance_test for Internal Operating Support Packet 027 and attach the passage note to the listed proof capsule(s)."
mb-internal-operating-support-028,Internal Operating Support Packet 028,3,3,0,3,0,"After close reading, update inspection_protocol and acceptance_test for Internal Operating Support Packet 028 and attach the passage note to the listed proof capsule(s)."
mb-internal-operating-support-029,Internal Operating Support Packet 029,3,3,0,3,0,"After close reading, update inspection_protocol and acceptance_test for Internal Operating Support Packet 029 and attach the passage note to the listed proof capsule(s)."
mb-internal-operating-support-030,Internal Operating Support Packet 030,3,3,0,3,0,"After close reading, update inspection_protocol and acceptance_test for Internal Operating Support Packet 030 and attach the passage note to the listed proof capsule(s)."
mb-internal-operating-support-031,Internal Operating Support Packet 031,3,3,0,3,0,"After close reading, update inspection_protocol and acceptance_test for Internal Operating Support Packet 031 and attach the passage note to the listed proof capsule(s)."
mb-internal-operating-support-032,Internal Operating Support Packet 032,3,3,0,3,0,"After close reading, update inspection_protocol and acceptance_test for Internal Operating Support Packet 032 and attach the passage note to the listed proof capsule(s)."
mb-internal-operating-support-033,Internal Operating Support Packet 033,3,3,0,3,0,"After close reading, update inspection_protocol and acceptance_test for Internal Operating Support Packet 033 and attach the passage note to the listed proof capsule(s)."
mb-internal-operating-support-034,Internal Operating Support Packet 034,3,3,0,3,0,"After close reading, update inspection_protocol and acceptance_test for Internal Operating Support Packet 034 and attach the passage note to the listed proof capsule(s)."
mb-internal-operating-support-035,Internal Operating Support Packet 035,3,3,0,3,0,"After close reading, update inspection_protocol and acceptance_test for Internal Operating Support Packet 035 and attach the passage note to the listed proof capsule(s)."
mb-internal-operating-support-036,Internal Operating Support Packet 036,3,3,0,3,0,"After close reading, update inspection_protocol and acceptance_test for Internal Operating Support Packet 036 and attach the passage note to the listed proof capsule(s)."
mb-muranoos-failure-doctrine-lab-handoff-pack-2026-04-11,Failure Doctrine Lab,3,3,0,3,0,"After close reading, update inspection_protocol and acceptance_test for Failure Doctrine Lab and attach the passage note to the listed proof capsule(s)."
mb-nik-handoff-v1,72-month master plan + Russian-language 12-month CSV + SF-86 prep,3,3,0,3,0,"After close reading, update operation_to_run and source_bound_test for 72-month master plan + Russian-language 12-month CSV + SF-86 prep and attach the passage note to the listed proof capsule(s)."
mb-redteamlab-proper-handoff-package-2026-04-14,Earliest pack; high-standard 3-column delta map,3,3,0,3,0,"After close reading, update inspection_protocol and acceptance_test for Earliest pack; high-standard 3-column delta map and attach the passage note to the listed proof capsule(s)."
mb-russian-reference-handoff-final,100-item ranked bibliography with verification levels A/B/C × core/extended,3,3,0,3,0,"After close reading, update input_fixture and observable_output for 100-item ranked bibliography with verification levels A/B/C × core/extended and attach the passage note to the listed proof capsule(s)."
mb-wargaming-handoff-pass1,Full portfolio build: 2 casefiles + 8-work product wargame product + 7 interview drills,3,3,0,3,0,"After close reading, update inspection_protocol and acceptance_test for Full portfolio build: 2 casefiles + 8-work product wargame product + 7 interview drills and attach the passage note to the listed proof capsule(s)."
native-london,Colonial Archive Explorer,3,3,0,3,0,"After close reading, update inspection_protocol and acceptance_test for Colonial Archive Explorer and attach the passage note to the listed proof capsule(s)."
native-master-bundle-pages,Master Bundle Pages,3,3,0,3,0,"After close reading, update inspection_protocol and acceptance_test for Master Bundle Pages and attach the passage note to the listed proof capsule(s)."
mb-comparative-rhetoric-final,Warning Misleading name: all 24 files are 1-line title stubs (466 bytes total),2,2,0,3,0,"After close reading, update inspection_protocol and acceptance_test for Warning Misleading name: all 24 files are 1-line title stubs (466 bytes total) and attach the passage note to the listed proof capsule(s)."
mb-glass-hearth-muranoos-handoff-package-2026-04-15,Glass Hearth,2,2,0,3,0,"After close reading, update inspection_protocol and acceptance_test for Glass Hearth and attach the passage note to the listed proof capsule(s)."
mb-murano-chamber-handoff,Chamber of Refractions,2,2,0,3,0,"After close reading, update inspection_protocol and acceptance_test for Chamber of Refractions and attach the passage note to the listed proof capsule(s)."
mb-murano-chamber-of-record-handoff,Chamber of Record,2,2,0,3,0,"After close reading, update inspection_protocol and acceptance_test for Chamber of Record and attach the passage note to the listed proof capsule(s)."
mb-murano-codex-prism-handoff-v1,Codex Prism,2,2,0,3,0,"After close reading, update inspection_protocol and acceptance_test for Codex Prism and attach the passage note to the listed proof capsule(s)."
mb-murano-house-of-light-and-doom-handoff-v1,House of Light and Doom,2,2,0,3,0,"After close reading, update inspection_protocol and acceptance_test for House of Light and Doom and attach the passage note to the listed proof capsule(s)."
mb-murano-mashup-room-handoff-v1,Mashup Intelligence Room,2,2,0,3,0,"After close reading, update operation_to_run and source_bound_test for Mashup Intelligence Room and attach the passage note to the listed proof capsule(s)."
mb-murano-os-annealed-refraction-chamber-handoff-done,Annealed Refraction Chamber,2,2,0,3,0,"After close reading, update inspection_protocol and acceptance_test for Annealed Refraction Chamber and attach the passage note to the listed proof capsule(s)."
mb-murano-os-glass-station-handoff,Glass Station,2,2,0,3,0,"After close reading, update inspection_protocol and acceptance_test for Glass Station and attach the passage note to the listed proof capsule(s)."
mb-murano-os-handoff-2026,Doctrine Forge Codex,2,2,0,3,0,"After close reading, update inspection_protocol and acceptance_test for Doctrine Forge Codex and attach the passage note to the listed proof capsule(s)."
mb-murano-os-lossless-study-room-handoff,Lossless Study Room,2,2,0,3,0,"After close reading, update inspection_protocol and acceptance_test for Lossless Study Room and attach the passage note to the listed proof capsule(s)."
mb-murano-os-lossless-synthesis-room-handoff,Lossless Synthesis (Magnum Opus Scriptorium),2,2,0,3,0,"After close reading, update inspection_protocol and acceptance_test for Lossless Synthesis (Magnum Opus Scriptorium) and attach the passage note to the listed proof capsule(s)."
mb-murano-os-prism-scriptorium-handoff-v1,Prism Scriptorium,2,2,0,3,0,"After close reading, update inspection_protocol and acceptance_test for Prism Scriptorium and attach the passage note to the listed proof capsule(s)."
mb-murano-os-rhetorium-proper-handoff-done-v1,Rhetorium,2,2,0,3,0,"After close reading, update inspection_protocol and acceptance_test for Rhetorium and attach the passage note to the listed proof capsule(s)."
mb-murano-os-warrant-chamber-handoff-v1,Warrant Chamber,2,2,0,3,0,"After close reading, update inspection_protocol and acceptance_test for Warrant Chamber and attach the passage note to the listed proof capsule(s)."
mb-murano-prismatic-agora-handoff-v1-0-done,Prismatic Agora,2,2,0,3,0,"After close reading, update inspection_protocol and acceptance_test for Prismatic Agora and attach the passage note to the listed proof capsule(s)."
mb-murano-reflexive-control-chamber-pass3,Reflexive Control Chamber,2,2,0,3,0,"After close reading, update inspection_protocol and acceptance_test for Reflexive Control Chamber and attach the passage note to the listed proof capsule(s)."
mb-murano-room-handoff-v1,Room template v1,2,2,0,3,0,"After close reading, update inspection_protocol and acceptance_test for Room template v1 and attach the passage note to the listed proof capsule(s)."
mb-murano-speechcraft-studio-handoff,Speechcraft Studio,2,2,0,3,0,"After close reading, update inspection_protocol and acceptance_test for Speechcraft Studio and attach the passage note to the listed proof capsule(s)."
mb-muranoos-briefing-forge-proper-handoff-archive-2026-04-14,Briefing Forge,2,2,0,3,0,"After close reading, update inspection_protocol and acceptance_test for Briefing Forge and attach the passage note to the listed proof capsule(s)."
mb-muranoos-fifth-dimension-lossless-continuation-archive-2026-04-13,Fifth Dimension,2,2,0,3,0,"After close reading, update inspection_protocol and acceptance_test for Fifth Dimension and attach the passage note to the listed proof capsule(s)."
mb-muranoos-glass-scriptorium-proper-handoff-archive-2026-04-11,Glass Scriptorium,2,2,0,3,0,"After close reading, update inspection_protocol and acceptance_test for Glass Scriptorium and attach the passage note to the listed proof capsule(s)."
mb-muranoos-glassworksofcorrespondence-handoff-v0-1,Glassworks of Correspondence,2,2,0,3,0,"After close reading, update inspection_protocol and acceptance_test for Glassworks of Correspondence and attach the passage note to the listed proof capsule(s)."
mb-muranoos-human-terrain-statecraft-proper-handoff-archive-v1-0,Human Terrain & Statecraft,2,2,0,3,0,"After close reading, update inspection_protocol and acceptance_test for Human Terrain & Statecraft and attach the passage note to the listed proof capsule(s)."
mb-muranoos-lossless-room-master-handoff-v1,Room Master (constitution),2,2,0,3,0,"After close reading, update inspection_protocol and acceptance_test for Room Master (constitution) and attach the passage note to the listed proof capsule(s)."
mb-muranoos-prism-chamber-murano-ready-package-2026-04-14,Prism Chamber,2,2,0,3,0,"After close reading, update inspection_protocol and acceptance_test for Prism Chamber and attach the passage note to the listed proof capsule(s)."
mb-muranoos-red-team-build02-final-proper-handoff-2026-04-11,Only one WITHOUT the 802 KB nested archive; Build 02 scope,2,2,0,3,0,"After close reading, update inspection_protocol and acceptance_test for Only one WITHOUT the 802 KB nested archive; Build 02 scope and attach the passage note to the listed proof capsule(s)."
mb-muranoos-red-team-continuation-handoff-2026-04-14,"Compact flat reference; 14 numbered authority docs; ""Workspace Depth I""",2,2,0,3,0,"After close reading, update inspection_protocol and acceptance_test for Compact flat reference; 14 numbered authority docs; ""Workspace Depth I"" and attach the passage note to the listed proof capsule(s)."
mb-muranoos-red-team-execution-ready-handoff-archive-2026-04-11,Only one with Build_02-Build_05 sequenced operator guides,2,2,0,3,0,"After close reading, update inspection_protocol and acceptance_test for Only one with Build_02-Build_05 sequenced operator guides and attach the passage note to the listed proof capsule(s)."
mb-muranoos-red-team-handoff-execution-archive-2026-04-15,Adds Execution Charter + 7-gate acceptance + RT-01A/B/02/03/04 tracker,2,2,0,3,0,"After close reading, update inspection_protocol and acceptance_test for Adds Execution Charter + 7-gate acceptance + RT-01A/B/02/03/04 tracker and attach the passage note to the listed proof capsule(s)."
mb-muranoos-red-team-handoff-hardened-2026-04-15,"Adds Signature Room Architecture (7 zones) + UI/UX Spec (9 objects, 7 engines)",2,2,0,3,0,"After close reading, update inspection_protocol and acceptance_test for Adds Signature Room Architecture (7 zones) + UI/UX Spec (9 objects, 7 engines) and attach the passage note to the listed proof capsule(s)."
mb-muranoos-red-team-handoff-package-gpt-synth-2026-04-18,"Smallest, pure-spec GPT bridge (9 files); 7-stage Ingest-Export workflow (breaks from red_team_* spine)",2,2,0,3,0,"After close reading, update inspection_protocol and acceptance_test for Smallest, pure-spec GPT bridge (9 files); 7-stage Ingest-Export workflow (breaks from red_team_* spine) and attach the passage note to the listed proof capsule(s)."
mb-muranoos-red-team-handoff-package-ready-2026-04-11,Cleanest 2-folder (GOVERNING/DERIVED); archive kept zipped,2,2,0,3,0,"After close reading, update inspection_protocol and acceptance_test for Cleanest 2-folder (GOVERNING/DERIVED); archive kept zipped and attach the passage note to the listed proof capsule(s)."
mb-muranoos-red-team-handoff-package-v1-2026-04-11,Only one with V1_ROOM_CONSTITUTION.md,2,2,0,3,0,"After close reading, update inspection_protocol and acceptance_test for Only one with V1_ROOM_CONSTITUTION.md and attach the passage note to the listed proof capsule(s)."
mb-muranoos-red-team-lab-continuation-handoff-pack-2026-04-14,Introduces Vivarium codename; contradiction-graph table,2,2,0,3,0,"After close reading, update inspection_protocol and acceptance_test for Introduces Vivarium codename; contradiction-graph table and attach the passage note to the listed proof capsule(s)."
mb-muranoos-red-team-lab-handoff-package-2026-04-17,"Largest consolidated (137 files); pre-merged Steps 3-7 bundles; ""Workspace Restore""",2,2,0,3,0,"After close reading, update inspection_protocol and acceptance_test for Largest consolidated (137 files); pre-merged Steps 3-7 bundles; ""Workspace Restore"" and attach the passage note to the listed proof capsule(s)."
mb-muranoos-red-team-phase-ii-handoff-2026-04-15,Smallest doc-pack; paired .md + .rs/.ts draft patches,2,2,0,3,0,"After close reading, update inspection_protocol and acceptance_test for Smallest doc-pack; paired .md + .rs/.ts draft patches and attach the passage note to the listed proof capsule(s)."
mb-muranoos-red-team-phase-iii-a-handoff-2026-04-11,"Only one with Shadi_SAT_Seed.json + ""Phase III-A"" naming",2,2,0,3,0,"After close reading, update inspection_protocol and acceptance_test for Only one with Shadi_SAT_Seed.json + ""Phase III-A"" naming and attach the passage note to the listed proof capsule(s)."
mb-muranoos-red-team-phaseii-handoff-2026-04-14,Posture Compass 5-axis instrument; framing_tensions/rival_framing columns,2,2,0,3,0,"After close reading, update inspection_protocol and acceptance_test for Posture Compass 5-axis instrument; framing_tensions/rival_framing columns and attach the passage note to the listed proof capsule(s)."
mb-muranoos-red-team-prism-observatory-handoff-package-v1,Doctrinally richest: 13 named subspaces × 10 modes; claim-evidence-confidence governance,2,2,0,3,0,"After close reading, update inspection_protocol and acceptance_test for Doctrinally richest: 13 named subspaces × 10 modes; claim-evidence-confidence governance and attach the passage note to the listed proof capsule(s)."
mb-muranoos-red-team-prism-room-execution-handoff-2026-04-11,"Only one replacing ""Red Team Lab"" framing with ""Murano Prism Room"" world doctrine",2,2,0,3,0,"After close reading, update operation_to_run and source_bound_test for Only one replacing ""Red Team Lab"" framing with ""Murano Prism Room"" world doctrine and attach the passage note to the listed proof capsule(s)."
mb-muranoos-red-team-proper-handoff-2026-04-14,"Strictest 4-quadrant authority layer; ""Durable Workspace Core""",2,2,0,3,0,"After close reading, update inspection_protocol and acceptance_test for Strictest 4-quadrant authority layer; ""Durable Workspace Core"" and attach the passage note to the listed proof capsule(s)."
mb-muranoos-red-team-proper-handoff-2026-04-15,Triple-layer (zip+tree+addendum); 3-pass ledger,2,2,0,3,0,"After close reading, update inspection_protocol and acceptance_test for Triple-layer (zip+tree+addendum); 3-pass ledger and attach the passage note to the listed proof capsule(s)."
mb-muranoos-red-team-proper-handoff-archive-2026-04-13,First fully-exploded Master_Package tree; Baltic Grey Zone materials,2,2,0,3,0,"After close reading, update inspection_protocol and acceptance_test for First fully-exploded Master_Package tree; Baltic Grey Zone materials and attach the passage note to the listed proof capsule(s)."
mb-muranoos-red-team-proper-handoff-archive-2026-04-15,Largest (148 files); replay_overlay/ pinned to HEAD 039f2cd...; deterministic replay,2,2,0,3,0,"After close reading, update inspection_protocol and acceptance_test for Largest (148 files); replay_overlay/ pinned to HEAD 039f2cd...; deterministic replay and attach the passage note to the listed proof capsule(s)."
mb-muranoos-red-team-proper-handoff-package-2026-04-11,Only one with 07_Derivative_Handoff/; richest SQL DDL,2,2,0,3,0,"After close reading, update inspection_protocol and acceptance_test for Only one with 07_Derivative_Handoff/; richest SQL DDL and attach the passage note to the listed proof capsule(s)."
mb-muranoos-red-team-proper-handoff-package-pass-1,Flat structure; 01_GOVERNING_SOURCES/ + flattened live files,2,2,0,3,0,"After close reading, update inspection_protocol and acceptance_test for Flat structure; 01_GOVERNING_SOURCES/ + flattened live files and attach the passage note to the listed proof capsule(s)."
mb-muranoos-red-team-proper-handoff-packet-2026-04-11,"Smallest implementation-sufficient; flat 14-doc root; ""RT_PHASE_II_PLUS_WORKFLOW_A""",2,2,0,3,0,"After close reading, update inspection_protocol and acceptance_test for Smallest implementation-sufficient; flat 14-doc root; ""RT_PHASE_II_PLUS_WORKFLOW_A"" and attach the passage note to the listed proof capsule(s)."
mb-muranoos-red-team-proper-handoff-pass-02-done,Judgment/status pass; L-01..L-04 non-blocking limitations,2,2,0,3,0,"After close reading, update inspection_protocol and acceptance_test for Judgment/status pass; L-01..L-04 non-blocking limitations and attach the passage note to the listed proof capsule(s)."
mb-muranoos-red-team-proper-handoff-zip-2026-04-11,Committed Step 1 patch: unified diff + bundled zip + 8 Tauri commands,2,2,0,3,0,"After close reading, update inspection_protocol and acceptance_test for Committed Step 1 patch: unified diff + bundled zip + 8 Tauri commands and attach the passage note to the listed proof capsule(s)."
mb-muranoos-red-team-refraction-chamber-final-handoff-2026-04-14,Terminal packaging; full Refraction Chamber world design; --rt-* CSS namespace,2,2,0,3,0,"After close reading, update inspection_protocol and acceptance_test for Terminal packaging; full Refraction Chamber world design; --rt-* CSS namespace and attach the passage note to the listed proof capsule(s)."
mb-muranoos-red-team-tranche-alpha-handoff-2026-04-14,Actual code patch: 170 KB unified diff + changed files,2,2,0,3,0,"After close reading, update inspection_protocol and acceptance_test for Actual code patch: 170 KB unified diff + changed files and attach the passage note to the listed proof capsule(s)."
mb-muranoos-red-team-tranche1-handoff-package-2026-04-11,Leanest blueprint-only; only with named rollback doc,2,2,0,3,0,"After close reading, update inspection_protocol and acceptance_test for Leanest blueprint-only; only with named rollback doc and attach the passage note to the listed proof capsule(s)."
mb-muranoos-red-team-trancheii-handoff-2026-04-13,Surgical patch package; 12 live source snapshots + 4 patch-plane specs,2,2,0,3,0,"After close reading, update inspection_protocol and acceptance_test for Surgical patch package; 12 live source snapshots + 4 patch-plane specs and attach the passage note to the listed proof capsule(s)."
mb-muranoos-redteam-rc1-2026-04-14,RC1 wrapper; front-loaded 00_RC_Handoff/,2,2,0,3,0,"After close reading, update inspection_protocol and acceptance_test for RC1 wrapper; front-loaded 00_RC_Handoff/ and attach the passage note to the listed proof capsule(s)."
mb-muranoos-redteam-tranche1-handoff-2026-04-15,Leanest pure-spec (16 KB); pages 11_OPEN_QUESTIONS,2,2,0,3,0,"After close reading, update inspection_protocol and acceptance_test for Leanest pure-spec (16 KB); pages 11_OPEN_QUESTIONS and attach the passage note to the listed proof capsule(s)."
mb-muranoos-redteamlab-handoff-package-v1,Stub TSX/Rust + Blocker Register + Assumption Quarantine Ledger,2,2,0,3,0,"After close reading, update inspection_protocol and acceptance_test for Stub TSX/Rust + Blocker Register + Assumption Quarantine Ledger and attach the passage note to the listed proof capsule(s)."
mb-muranoos-script-atelier-handoff-package-v0-2026-04-17,Script Atelier (v0),2,2,0,3,0,"After close reading, update inspection_protocol and acceptance_test for Script Atelier (v0) and attach the passage note to the listed proof capsule(s)."
mb-muranoos-the-interval-handoff-v0-1,The Interval (remote violence),2,2,0,3,0,"After close reading, update inspection_protocol and acceptance_test for The Interval (remote violence) and attach the passage note to the listed proof capsule(s)."
mb-muranoos-western-myth-codex-phase-i-stub-pack,Western Myth Codex,2,2,0,3,0,"After close reading, update inspection_protocol and acceptance_test for Western Myth Codex and attach the passage note to the listed proof capsule(s)."
native-applied-history-lab,Applied History Lab,2,2,0,3,0,"After close reading, update inspection_protocol and acceptance_test for Applied History Lab and attach the passage note to the listed proof capsule(s)."
native-mongol,Mongol Empire Military Systems,2,2,0,3,0,"After close reading, update operation_to_run and source_bound_test for Mongol Empire Military Systems and attach the passage note to the listed proof capsule(s)."
native-russia-security-desk,Russia Security Desk,2,2,0,3,0,"After close reading, update operation_to_run and source_bound_test for Russia Security Desk and attach the passage note to the listed proof capsule(s)."
native-western,Western Political Thought and the Ideal State,2,2,0,3,0,"After close reading, update operation_to_run and source_bound_test for Western Political Thought and the Ideal State and attach the passage note to the listed proof capsule(s)."
red-team-lab,Red Team Lab - consolidated counter-deception lab across five authority roles,2,2,0,3,0,"After close reading, update inspection_protocol and acceptance_test for Red Team Lab - consolidated counter-deception lab across five authority roles and attach the passage note to the listed proof capsule(s)."
cognitive-warfare,"Cognitive Warfare - counter-intelligence doctrine, operationalized into analytical instruments",1,1,0,3,0,"After close reading, update inspection_protocol and acceptance_test for Cognitive Warfare - counter-intelligence doctrine, operationalized into analytical instruments and attach the passage note to the listed proof capsule(s)."
ir-lexicon,IR Lexicon - coined-term lexicon for modern foreign-affairs discourse,1,1,0,3,0,"After close reading, update operation_to_run and source_bound_test for IR Lexicon - coined-term lexicon for modern foreign-affairs discourse and attach the passage note to the listed proof capsule(s)."
mb-ci-ct-do-handoff-v1-1,"CI/CT DO tradecraft v1.1; SAT enumeration + 12 analyst templates (BLUF, ACH, ICD-203)",1,1,0,3,0,"After close reading, update inspection_protocol and acceptance_test for CI/CT DO tradecraft v1.1; SAT enumeration + 12 analyst templates (BLUF, ACH, ICD-203) and attach the passage note to the listed proof capsule(s)."
mb-ci-red-cell-handoff,CI red-cell methods reference architecture (post-integrity-correction rebuild),1,1,0,3,0,"After close reading, update inspection_protocol and acceptance_test for CI red-cell methods reference architecture (post-integrity-correction rebuild) and attach the passage note to the listed proof capsule(s)."
mb-comparative-genocide-systems-lab-handoff-v1-0,Comparative Genocide Systems Lab,1,1,0,3,0,"After close reading, update inspection_protocol and acceptance_test for Comparative Genocide Systems Lab and attach the passage note to the listed proof capsule(s)."
mb-murano-os-prism-foundry-handoff,Prism Foundry,1,1,0,3,0,"After close reading, update inspection_protocol and acceptance_test for Prism Foundry and attach the passage note to the listed proof capsule(s)."
mb-muranoos-bias-atlas-conversation-to-murano-handoff-archive-2026-04-11,Bias Atlas,1,1,0,3,0,"After close reading, update inspection_protocol and acceptance_test for Bias Atlas and attach the passage note to the listed proof capsule(s)."
mb-muranoos-dialectic-lab-handoff-pack-pass-2-2026-04-15,Dialectic Lab,1,1,0,3,0,"After close reading, update inspection_protocol and acceptance_test for Dialectic Lab and attach the passage note to the listed proof capsule(s)."
mb-muranoos-handoff-pack-v3-1,* META: the Protocol v3.1 itself - consumed by every MuranoOS room handoff,1,1,0,3,0,"After close reading, update inspection_protocol and acceptance_test for * META: the Protocol v3.1 itself - consumed by every MuranoOS room handoff and attach the passage note to the listed proof capsule(s)."
mb-muranoos-handoff-pass3-done,CI Tradecraft Chamber,1,1,0,3,0,"After close reading, update inspection_protocol and acceptance_test for CI Tradecraft Chamber and attach the passage note to the listed proof capsule(s)."
mb-muranoos-red-team-continuation-handoff-2026-04-11,Smallest addendum wrapper; 5-surface Core Analytical Workflow,1,1,0,3,0,"After close reading, update inspection_protocol and acceptance_test for Smallest addendum wrapper; 5-surface Core Analytical Workflow and attach the passage note to the listed proof capsule(s)."
mb-muranoos-red-team-fresh-handoff-2026-04-16,Cold-start bootstrap; 3-variant GPT upload prompt (analysis/impl/design),1,1,0,3,0,"After close reading, update inspection_protocol and acceptance_test for Cold-start bootstrap; 3-variant GPT upload prompt (analysis/impl/design) and attach the passage note to the listed proof capsule(s)."
mb-muranoos-red-team-proper-handoff-archive-2026-04-11,Only one with 99_Preserved_Source_Archives/ + CURRENT_TRUTH_AT_A_GLANCE.md,1,1,0,3,0,"After close reading, update inspection_protocol and acceptance_test for Only one with 99_Preserved_Source_Archives/ + CURRENT_TRUTH_AT_A_GLANCE.md and attach the passage note to the listed proof capsule(s)."
mb-muranoos-red-team-proper-handoff-pass1-2026-04-15,"specs/ folder: Rust param structs, SQL DDL, TS workspace contract; ""Analytical Core Expansion A""",1,1,0,3,0,"After close reading, update inspection_protocol and acceptance_test for specs/ folder: Rust param structs, SQL DDL, TS workspace contract; ""Analytical Core Expansion A"" and attach the passage note to the listed proof capsule(s)."
mb-muranoos-red-team-tranche-ii-handoff-pack-2026-04-15,"Most self-contained; ""Analytical Memory and Provenance Spine""; 14 new commands",1,1,0,3,0,"After close reading, update inspection_protocol and acceptance_test for Most self-contained; ""Analytical Memory and Provenance Spine""; 14 new commands and attach the passage note to the listed proof capsule(s)."
mb-muranoos-redteamlab-proper-handoff-package-2026-04-11,"Frozen ""Durable Analytical Core""; 12/13-field models per surface",1,1,0,3,0,"After close reading, update inspection_protocol and acceptance_test for Frozen ""Durable Analytical Core""; 12/13-field models per surface and attach the passage note to the listed proof capsule(s)."
mb-muranoos-tradecraft-foundry-handoff-package-2026-04-11,Tradecraft Foundry,1,1,0,3,0,"After close reading, update inspection_protocol and acceptance_test for Tradecraft Foundry and attach the passage note to the listed proof capsule(s)."
mb-rfp-handoff-ch01-02-done,Chapter analysis pipeline: Chs 1 (Feklyunina) + 2 (Morozov),1,1,0,3,0,"After close reading, update inspection_protocol and acceptance_test for Chapter analysis pipeline: Chs 1 (Feklyunina) + 2 (Morozov) and attach the passage note to the listed proof capsule(s)."
mb-visible-chat-handoff-package,Russian-studies bibliography + reflexive meta-analysis session,1,1,0,3,0,"After close reading, update inspection_protocol and acceptance_test for Russian-studies bibliography + reflexive meta-analysis session and attach the passage note to the listed proof capsule(s)."
native-africa,Colonial Encounter in Africa,1,1,0,3,0,"After close reading, update operation_to_run and source_bound_test for Colonial Encounter in Africa and attach the passage note to the listed proof capsule(s)."
native-aigov-nav,AI Governance Navigator,1,1,0,3,0,"After close reading, update inspection_protocol and acceptance_test for AI Governance Navigator and attach the passage note to the listed proof capsule(s)."
native-aiintel-cycle,AI Intelligence Cycle,1,1,0,3,0,"After close reading, update inspection_protocol and acceptance_test for AI Intelligence Cycle and attach the passage note to the listed proof capsule(s)."
native-aiknowledge-prod,AI Knowledge Production,1,1,0,3,0,"After close reading, update inspection_protocol and acceptance_test for AI Knowledge Production and attach the passage note to the listed proof capsule(s)."
native-aiprompt-eng,AI Prompt Engineering,1,1,0,3,0,"After close reading, update inspection_protocol and acceptance_test for AI Prompt Engineering and attach the passage note to the listed proof capsule(s)."
native-aishared-instruments,AI Shared Instruments,1,1,0,3,0,"After close reading, update inspection_protocol and acceptance_test for AI Shared Instruments and attach the passage note to the listed proof capsule(s)."
native-analyst-assurance-desk,Analyst Assurance Desk,1,1,0,3,0,"After close reading, update inspection_protocol and acceptance_test for Analyst Assurance Desk and attach the passage note to the listed proof capsule(s)."
native-east-asia,East Asian War and Strategic Tradition,1,1,0,3,0,"After close reading, update operation_to_run and source_bound_test for East Asian War and Strategic Tradition and attach the passage note to the listed proof capsule(s)."
native-emt,Emergency Triage Simulator,1,1,0,3,0,"After close reading, update inspection_protocol and acceptance_test for Emergency Triage Simulator and attach the passage note to the listed proof capsule(s)."
native-habitat,Volunteer Build-Day Coordination,1,1,0,3,0,"After close reading, update inspection_protocol and acceptance_test for Volunteer Build-Day Coordination and attach the passage note to the listed proof capsule(s)."
native-mideast,Ottoman Palestine and Early Zionism,1,1,0,3,0,"After close reading, update operation_to_run and source_bound_test for Ottoman Palestine and Early Zionism and attach the passage note to the listed proof capsule(s)."
native-pharm,Vaccine Distribution Planner,1,1,0,3,0,"After close reading, update inspection_protocol and acceptance_test for Vaccine Distribution Planner and attach the passage note to the listed proof capsule(s)."
native-respite,Recovery Respite Facility Operations,1,1,0,3,0,"After close reading, update inspection_protocol and acceptance_test for Recovery Respite Facility Operations and attach the passage note to the listed proof capsule(s)."
native-russia-history-room,Russia Historical Context Room,1,1,0,3,0,"After close reading, update operation_to_run and source_bound_test for Russia Historical Context Room and attach the passage note to the listed proof capsule(s)."
native-uscri,Refugee Resettlement Resource Allocation,1,1,0,3,0,"After close reading, update inspection_protocol and acceptance_test for Refugee Resettlement Resource Allocation and attach the passage note to the listed proof capsule(s)."
project-hardening,"Quality Review - checking project claims against evidence, scope, and readiness",1,1,0,3,0,"After close reading, update inspection_protocol and acceptance_test for Quality Review - checking project claims against evidence, scope, and readiness and attach the passage note to the listed proof capsule(s)."
row1,Quantitative Capstone - quantitative arm of the AI-corruption capstone study,1,1,0,3,0,"After close reading, update inspection_protocol and acceptance_test for Quantitative Capstone - quantitative arm of the AI-corruption capstone study and attach the passage note to the listed proof capsule(s)."
row6,Scholarly Retrieval System - cross-disciplinary research library with a twelve-stage analytical-governance plane,1,1,0,3,0,"After close reading, update inspection_protocol and acceptance_test for Scholarly Retrieval System - cross-disciplinary research library with a twelve-stage analytical-governance plane and attach the passage note to the listed proof capsule(s)."
