project_id,product_name,component_runs,package_verifiable_runs,instrumented_runs_needing_capture,source_or_passage_gated_runs,strongest_next_proof_action
row7,Nexus Research Pipeline,101,101,0,0,Capture a live Nexus walkthrough showing both halves of the system: cross-field mechanism discovery and upstream/downstream academic-pipeline dependency control.
algorithmic-active-measures,Algorithmic Active Measures - data poisoning as counterintelligence tradecraft in AI-mediated intelligence analysis,17,17,0,0,Make the public-safe bridge from tradecraft to data poisoning explicit enough that the study's distinctive mechanism is visible.
analytical-methodology,"Analytical Methodology - eleven discipline pages from a Georgetown Applied Intelligence curriculum, treating each analytical method as its own working surface",17,17,0,0,"Add a replayable demo with before/after state, failure mode, and exported result so the software utility is visible rather than asserted."
applied-history,Applied History - lab for using historical case study to inform contemporary policy,17,17,0,3,"Add a replayable demo with before/after state, failure mode, and exported result so the software utility is visible rather than asserted."
bias-atlas,Bias Atlas - cognitive-bias catalogue grounded in Heuer and Kahneman,17,17,0,0,"Add one classified example that travels through the taxonomy: observed failure or bias, category assignment, rival category, reviewer decision, and resulting mitigation."
capstone-orig,Qualitative Capstone - qualitative analysis of analyst response to AI-introduced corruption,17,17,0,0,"Add a compact source-to-judgment example: input source, analytic instrument, inference made, rival interpretation, confidence limit, and downstream use."
cognitive-firewall-instruments,Cognitive Firewall Instruments - authoring defensive instruments against AI-mediated analytic corruption,17,17,0,0,"Add method-result boundary, validity threats, what the study can and cannot generalize, and a practitioner-facing implication."
genocide-lab,Comparative Genocide Lab - comparative analysis of mass political violence across ten canonical dimensions,17,17,0,0,"Add a compact source-to-judgment example: input source, analytic instrument, inference made, rival interpretation, confidence limit, and downstream use."
ir-lexicon,IR Lexicon - coined-term lexicon for modern foreign-affairs discourse,17,17,0,3,"Add a replayable demo with before/after state, failure mode, and exported result so the software utility is visible rather than asserted."
master-bundle-atlas,Master Bundle Packet Promotion Atlas,17,17,0,0,Demonstrate packet promotion from raw bundle item to project-specific build decision.
mb-capstone-handoff-package,Red Cell CI analysis of Russian cognitive deception; 12 COA dossiers,17,17,0,0,"Add promotion-router examples showing how a packet becomes a room, paper, software instrument, source reservoir, archive item, or blocked record."
mb-ci-career-conversation-handoff-done,Conversation capture with structured JSON handoff,17,17,0,3,Complete the linked source passage update and revise inspection_protocol and acceptance_test.
mb-cia-russian-ci-handoff-packet,Credential stack + 90-day plan + Competency Tracker CSV,17,17,0,3,"Add promotion-router examples showing how a packet becomes a room, paper, software instrument, source reservoir, archive item, or blocked record."
mb-ic-analytic-technique-compendium-bundle-v0-1-v1-3,13 snapshot workbooks; 11-phase build scaffold - AI-assisted methods,17,17,0,0,"Add promotion-router examples showing how a packet becomes a room, paper, software instrument, source reservoir, archive item, or blocked record."
mb-murano-mashup-room-handoff-v1,Mashup Intelligence Room,17,17,0,3,"Add promotion-router examples showing how a packet becomes a room, paper, software instrument, source reservoir, archive item, or blocked record."
mb-muranoos-culinary-atelier-handoff-package-2026-04-15,Culinary Atelier,17,17,0,0,"Add promotion-router examples showing how a packet becomes a room, paper, software instrument, source reservoir, archive item, or blocked record."
mb-nik-handoff-v1,72-month master plan + Russian-language 12-month CSV + SF-86 prep,17,17,0,3,"Add promotion-router examples showing how a packet becomes a room, paper, software instrument, source reservoir, archive item, or blocked record."
mb-russia-intelligence-analysis-final-handoff,3-page Russia integrated-strategy assessment (V1-V4 convergence),17,17,0,3,"Add promotion-router examples showing how a packet becomes a room, paper, software instrument, source reservoir, archive item, or blocked record."
mb-russian-reference-handoff-final,100-item ranked bibliography with verification levels A/B/C × core/extended,17,17,0,3,Complete the linked source passage update and revise input_fixture and observable_output.
mb-visible-chat-handoff-package,Russian-studies bibliography + reflexive meta-analysis session,17,17,0,3,Complete the linked source passage update and revise inspection_protocol and acceptance_test.
native-africa,Colonial Encounter in Africa,17,17,0,3,"Add a replayable demo with before/after state, failure mode, and exported result so the software utility is visible rather than asserted."
native-aifailure-tax,AI Failure Taxonomy,17,17,0,0,"Add one classified example that travels through the taxonomy: observed failure or bias, category assignment, rival category, reviewer decision, and resulting mitigation."
native-aigov-nav,AI Governance Navigator,17,17,0,3,"Add one routing demonstration: user problem, chosen path, rejected path, governing criterion, output, and next review gate."
native-aiintel-cycle,AI Intelligence Cycle,17,17,0,3,Complete the linked source passage update and revise inspection_protocol and acceptance_test.
native-aiknowledge-prod,AI Knowledge Production,17,17,0,3,"Add a compact source-to-judgment example: input source, analytic instrument, inference made, rival interpretation, confidence limit, and downstream use."
native-aimodel-assess,AI Model Assessment,17,17,0,0,"Add a compact source-to-judgment example: input source, analytic instrument, inference made, rival interpretation, confidence limit, and downstream use."
native-aiosintnarr,AI OSINT Narrative Analysis,17,17,0,0,"Add a compact source-to-judgment example: input source, analytic instrument, inference made, rival interpretation, confidence limit, and downstream use."
native-aiprompt-eng,AI Prompt Engineering,17,17,0,3,"Add a compact source-to-judgment example: input source, analytic instrument, inference made, rival interpretation, confidence limit, and downstream use."
native-aisatvis,AI Structured Analysis Visualization,17,17,0,0,"Add a compact source-to-judgment example: input source, analytic instrument, inference made, rival interpretation, confidence limit, and downstream use."
native-aishared-instruments,AI Shared Instruments,17,17,0,3,"Add a compact source-to-judgment example: input source, analytic instrument, inference made, rival interpretation, confidence limit, and downstream use."
native-amfp,Washington-Jefferson Era Foreign Policy,17,17,0,0,"Add a compact source-to-judgment example: input source, analytic instrument, inference made, rival interpretation, confidence limit, and downstream use."
native-atanalysis,Analysis Tradecraft,17,17,0,0,"Add a compact source-to-judgment example: input source, analytic instrument, inference made, rival interpretation, confidence limit, and downstream use."
native-berlin,Berlin Occupation Zones and Refugee Crisis,17,17,0,3,"Add a replayable demo with before/after state, failure mode, and exported result so the software utility is visible rather than asserted."
native-capstone-defense,Cognitive Firewalls Capstone Defense,17,17,0,0,Capture a concrete run trace or exported proof artifact for this project type; the project is currently more specified than demonstrated.
native-capstone-defense-noland,Cognitive Firewalls Defense Room,17,17,0,0,"Add method-result boundary, validity threats, what the study can and cannot generalize, and a practitioner-facing implication."
native-capstone-quantitative,Quantitative Capstone Workbench,17,17,0,0,"Separate proposed conditions, scoring variables, reliability checks, and disconfirmation rules from any result claims; then add one simulated run artifact."
native-cianalysis,Counterintelligence Analysis,17,17,0,0,"Add a compact source-to-judgment example: input source, analytic instrument, inference made, rival interpretation, confidence limit, and downstream use."
native-cicc,ICC Complementarity Case Room,17,17,0,3,"Add a compact source-to-judgment example: input source, analytic instrument, inference made, rival interpretation, confidence limit, and downstream use."
native-cmanalysis,Collection Management Analysis,17,17,0,0,"Add a compact source-to-judgment example: input source, analytic instrument, inference made, rival interpretation, confidence limit, and downstream use."
native-coanalysis,Counterintelligence Operations Analysis,17,17,0,0,"Add a compact source-to-judgment example: input source, analytic instrument, inference made, rival interpretation, confidence limit, and downstream use."
native-crusades,Crusades and Mediterranean Order,17,17,0,3,"Add a compact source-to-judgment example: input source, analytic instrument, inference made, rival interpretation, confidence limit, and downstream use."
native-cyanalysis,Cyber Analysis,17,17,0,0,"Add a compact source-to-judgment example: input source, analytic instrument, inference made, rival interpretation, confidence limit, and downstream use."
native-ddianalysis,Directorate Analysis Method,17,17,0,0,"Add a compact source-to-judgment example: input source, analytic instrument, inference made, rival interpretation, confidence limit, and downstream use."
native-east-asia,East Asian War and Strategic Tradition,17,17,0,3,Complete the linked source passage update and revise operation_to_run and source_bound_test.
native-etanalysis,Emerging Technology Analysis,17,17,0,0,"Add a compact source-to-judgment example: input source, analytic instrument, inference made, rival interpretation, confidence limit, and downstream use."
native-fwanalysis,Foreign Warning Analysis,17,17,0,0,"Add a compact source-to-judgment example: input source, analytic instrument, inference made, rival interpretation, confidence limit, and downstream use."
native-hsanalysis,Homeland Security Analysis,17,17,0,0,"Add a compact source-to-judgment example: input source, analytic instrument, inference made, rival interpretation, confidence limit, and downstream use."
native-icanalysis,Intelligence Community Analysis,17,17,0,0,"Add a compact source-to-judgment example: input source, analytic instrument, inference made, rival interpretation, confidence limit, and downstream use."
native-mideast,Ottoman Palestine and Early Zionism,17,17,0,3,Complete the linked source passage update and revise operation_to_run and source_bound_test.
native-mongol,Mongol Empire Military Systems,17,17,0,3,"Add a replayable demo with before/after state, failure mode, and exported result so the software utility is visible rather than asserted."
native-peace,Track II Diplomacy and Peacebuilding,17,17,0,3,"Add a compact source-to-judgment example: input source, analytic instrument, inference made, rival interpretation, confidence limit, and downstream use."
native-psanalysis,Political Strategy Analysis,17,17,0,0,"Add a compact source-to-judgment example: input source, analytic instrument, inference made, rival interpretation, confidence limit, and downstream use."
native-russia,Russia,17,17,0,3,"Add a replayable demo with before/after state, failure mode, and exported result so the software utility is visible rather than asserted."
native-war-theory,War Theory and Strategic Culture,17,17,0,3,"Add a compact source-to-judgment example: input source, analytic instrument, inference made, rival interpretation, confidence limit, and downstream use."
native-wargaming,Alliance Crisis Wargaming,17,17,0,0,"Add one replayable scenario: initial condition, decision variable, constraint, model operation, output, and after-action review."
native-western,Western Political Thought and the Ideal State,17,17,0,3,"Add a replayable demo with before/after state, failure mode, and exported result so the software utility is visible rather than asserted."
planning,"Development Process - how projects move from idea to built, reviewed work",17,17,0,0,Capture a concrete run trace or exported proof artifact for this project type; the project is currently more specified than demonstrated.
reflexive-control-chamber,Reflexive Control Chamber - Russian reflexive-control & strategic-deception research chamber,17,17,0,0,"Add one source-to-judgment chain: source family, analytic variable, competing interpretation, confidence boundary, and policy implication."
regional-studies,"Regional Studies - eight place-based analytical pages (Africa, Berlin, East Asia, London, Mideast, Mongol, Russia, Western)",17,17,0,0,"Add a replayable demo with before/after state, failure mode, and exported result so the software utility is visible rather than asserted."
row1,Quantitative Capstone - quantitative arm of the AI-corruption capstone study,17,17,0,3,"Add method-result boundary, validity threats, what the study can and cannot generalize, and a practitioner-facing implication."
row2,AI Rigor Detection - framework that detects performative rigor in AI-generated analysis; publication status is separated from validation status,17,17,0,0,"Add one implementation scenario: policy problem, decision rule, control point, abuse case, measurable criterion, and revision trigger."
row3,"AI Extraction Defense - five-layer architecture protecting proprietary AI models from being extracted, copied, or distilled by adversaries",17,17,0,0,"Add a compact source-to-judgment example: input source, analytic instrument, inference made, rival interpretation, confidence limit, and downstream use."
row5,Defense Doctrine - defensive retrieval governance laboratory (claim-limit discipline),17,17,0,3,"Add a replayable demo with before/after state, failure mode, and exported result so the software utility is visible rather than asserted."
row8,Counter-Terror Analysis - 13-page counter-terror analytical narrative arc,17,17,0,0,"Add a compact source-to-judgment example: input source, analytic instrument, inference made, rival interpretation, confidence limit, and downstream use."
wargaming,Wargaming - theater-level alliance-crisis wargame workbench,17,17,0,0,"Add one replayable scenario: initial condition, decision variable, constraint, model operation, output, and after-action review."
decision-advantage-system,Decision Advantage System - operating architecture for intelligence and security organizations,17,16,1,3,"Capture a live or simulated run for state transition proof record; preserve fixture, trace, output, acceptance result, and claim boundary."
critical-functions-observatory,Critical Functions Observatory - defensive UAS / critical-infrastructure research lab,17,15,2,3,"Add promotion-router examples showing how a packet becomes a room, paper, software instrument, source reservoir, archive item, or blocked record."
mb-muranoos-red-team-prism-room-execution-handoff-2026-04-11,"Only one replacing ""Red Team Lab"" framing with ""Murano Prism Room"" world doctrine",17,15,2,3,"Add promotion-router examples showing how a packet becomes a room, paper, software instrument, source reservoir, archive item, or blocked record."
mb-muranoos-red-team-proper-handoff-archive-2026-04-11,Only one with 99_Preserved_Source_Archives/ + CURRENT_TRUTH_AT_A_GLANCE.md,17,15,2,3,"Add promotion-router examples showing how a packet becomes a room, paper, software instrument, source reservoir, archive item, or blocked record."
mb-russia-security-handoff-packet-done,CARE framework gray-zone counter-strategy + red-team critique,17,14,3,3,"Add promotion-router examples showing how a packet becomes a room, paper, software instrument, source reservoir, archive item, or blocked record."
mb-sat-handoff-v1,Canonical SAT dedup: 106 techniques normalized across 11 catalogues,17,14,3,3,"Add promotion-router examples showing how a packet becomes a room, paper, software instrument, source reservoir, archive item, or blocked record."
mb-ci-handoff-package,32 interdisciplinary frameworks attributed to specific thinkers,17,13,4,3,"Add promotion-router examples showing how a packet becomes a room, paper, software instrument, source reservoir, archive item, or blocked record."
mb-dialectic-engine-room-pass1-handoff,Dialectic Engine,17,13,4,3,"Add promotion-router examples showing how a packet becomes a room, paper, software instrument, source reservoir, archive item, or blocked record."
mb-georgetown-technique-registry-master-50-bundle,"50-course Georgetown SSP registry; 7,500+ technique lines; capstone plug tags [SR/EP/IR/SC/G]",17,12,5,3,"Add promotion-router examples showing how a packet becomes a room, paper, software instrument, source reservoir, archive item, or blocked record."
mb-narrative-furnace-handoff-pack-2026-04-14,Narrative Furnace,17,12,5,3,"Add promotion-router examples showing how a packet becomes a room, paper, software instrument, source reservoir, archive item, or blocked record."
cognitive-warfare,"Cognitive Warfare - counter-intelligence doctrine, operationalized into analytical instruments",11,11,0,3,"Add a replayable demo with before/after state, failure mode, and exported result so the software utility is visible rather than asserted."
mb-redteamlab-proper-handoff-zip-2026-04-14,Cumulative-patch consolidator (4 historical patch packs merged),17,11,6,3,"Capture a live or simulated run for packet promotion decision record; preserve fixture, trace, output, acceptance result, and claim boundary."
native-iscproposals,Counterintelligence Surveillance Framework,17,11,6,3,"Capture a live or simulated run for implementation scenario trace; preserve fixture, trace, output, acceptance result, and claim boundary."
native-murano,MuranoOS Research Operating Environment,11,11,0,0,"Show MuranoOS as a research operating environment that builds workstations, not as a private dashboard."
native-trilogy-showcase,Book Trilogy Showcase,11,11,0,0,"Add chapter-level dossiers showing title logic, argument skeleton, source role, rewrite decision, and visual specificity for representative chapters."
native-trilogy-showcase-atlas,Book Trilogy Atlas,11,11,0,0,"Add one classified example that travels through the taxonomy: observed failure or bias, category assignment, rival category, reviewer decision, and resulting mitigation."
personal-os,"Personal OS - MuranoOS, a personal operating system, local workbench, and project foundation",11,11,0,0,"Add a replayable demo with before/after state, failure mode, and exported result so the software utility is visible rather than asserted."
trilogy,Book Trilogy Manuscript Governance System,11,11,0,0,"Show the 72-chapter trilogy as a governed manuscript system: argument, source, title, visual identity, and chapter handoff."
historical-studies,"Historical Studies - eleven historical and operational case studies, including the manuscript Trilogy",10,10,0,0,"Add a replayable demo with before/after state, failure mode, and exported result so the software utility is visible rather than asserted."
mb-six-project-hardening-handoff-done-v1,52 MB cross-project governance pack; nested 55 MB original bundle preserved,17,10,7,3,"Add promotion-router examples showing how a packet becomes a room, paper, software instrument, source reservoir, archive item, or blocked record."
mb-speechwriting-handoff-packet,"25×25 matrix framework (Warning labels populated, cell content NOT)",17,10,7,3,"Add promotion-router examples showing how a packet becomes a room, paper, software instrument, source reservoir, archive item, or blocked record."
native-magnum-opus,Magnum Opus Scholarly Retrieval And Warrant System,10,10,0,0,"Show Magnum Opus as a local scholarly warrant system, not merely a query interface."
row6,Scholarly Retrieval System - cross-disciplinary research library with a twelve-stage analytical-governance plane,10,10,0,3,"Add a replayable demo with before/after state, failure mode, and exported result so the software utility is visible rather than asserted."
native-poison-rag,Retrieval Integrity And Poison-RAG Evaluation Harness,9,9,0,0,"Build the adversarial replay as a visible chain so the project is understood as retrieval-security engineering, not a general AI-risk page."
poison-rag-defense-annex,Adversarial Evidence Corruption Technical Annex Harness,9,9,0,0,"Use the annex as a future-work technical architecture, not as completed empirical results."
analytical-methods,Structured Analytic Technique Studio,8,8,0,0,"Add a replayable demo with before/after state, failure mode, and exported result so the software utility is visible rather than asserted."
native-analyst-assurance-desk,Analyst Assurance Desk,8,8,0,3,"Add a replayable demo with before/after state, failure mode, and exported result so the software utility is visible rather than asserted."
native-russia-history-room,Russia Historical Context Room,8,8,0,3,"Add a replayable demo with before/after state, failure mode, and exported result so the software utility is visible rather than asserted."
row10,Structured Human-AI Analyst Workstation,8,8,0,0,Demonstrate exactly what human structured analysis changed in an AI-supported analytic workflow.
russia-desk,Russia Source-To-Judgment Desk,8,8,0,0,Show how the desk converts regional knowledge into bounded analytic judgments rather than commentary.
structured-analysis-toolkit,Structured Techniques Toolkit - authoring and refinement workspace for disciplined analytic instruments,8,8,0,0,"Add a replayable demo with before/after state, failure mode, and exported result so the software utility is visible rather than asserted."
isc-proposals,Counterintelligence Surveillance Framework - Beyond Surveillance Maximalism: a Smart Surveillance Scaling (S3) proposal,11,7,4,3,"Capture a live or simulated run for implementation scenario trace; preserve fixture, trace, output, acceptance result, and claim boundary."
mb-cognitive-firewalls-foundry-handoff-v1,Cognitive Firewalls Foundry,17,6,11,3,"Capture a live or simulated run for packet promotion decision record; preserve fixture, trace, output, acceptance result, and claim boundary."
native-russia-security-desk,Russia Security Desk,8,6,2,3,Complete the linked source passage update and revise operation_to_run and source_bound_test.
mb-muranoos-lossless-room-master-handoff-v1,Room Master (constitution),17,5,12,3,"Add promotion-router examples showing how a packet becomes a room, paper, software instrument, source reservoir, archive item, or blocked record."
mb-muranoos-red-team-handoff-hardened-2026-04-15,"Adds Signature Room Architecture (7 zones) + UI/UX Spec (9 objects, 7 engines)",17,5,12,3,"Add promotion-router examples showing how a packet becomes a room, paper, software instrument, source reservoir, archive item, or blocked record."
mb-muranoos-red-team-prism-observatory-handoff-package-v1,Doctrinally richest: 13 named subspaces × 10 modes; claim-evidence-confidence governance,17,5,12,3,"Add promotion-router examples showing how a packet becomes a room, paper, software instrument, source reservoir, archive item, or blocked record."
mb-muranoos-red-team-proper-handoff-package-pass-1,Flat structure; 01_GOVERNING_SOURCES/ + flattened live files,17,5,12,3,"Capture a live or simulated run for state transition proof record; preserve fixture, trace, output, acceptance result, and claim boundary."
row11,Retrieval Integrity Evaluation - testing Retrieval-Augmented Generation (RAG) against retrieval poisoning and false-source failure,9,5,4,3,"Add a replayable demo with before/after state, failure mode, and exported result so the software utility is visible rather than asserted."
row14,Defensive Retrieval Research - future study on retrieval-augmented-generation poisoning,9,5,4,3,"Add a replayable demo with before/after state, failure mode, and exported result so the software utility is visible rather than asserted."
mb-muranoos-red-team-handoff-package-v1-2026-04-11,Only one with V1_ROOM_CONSTITUTION.md,17,4,13,3,"Capture a live or simulated run for state transition proof record; preserve fixture, trace, output, acceptance result, and claim boundary."
mb-redteamlab-packet1-proper-handoff-done,Most implementation-ready: .patch + full files + snapshot + SQL verification + validation,17,4,13,3,"Capture a live or simulated run for packet promotion decision record; preserve fixture, trace, output, acceptance result, and claim boundary."
native-london,Colonial Archive Explorer,17,4,13,3,"Capture a live or simulated run for packet promotion decision record; preserve fixture, trace, output, acceptance result, and claim boundary."
mb-hearthglass-handoff-v1,HearthGlass,17,3,14,3,Complete the linked source passage update and revise inspection_protocol and acceptance_test.
mb-isc-symposium-command-room-handoff-pass3-done,ISC Symposium Command,17,3,14,3,"Capture a live or simulated run for packet promotion decision record; preserve fixture, trace, output, acceptance result, and claim boundary."
mb-the-interval-chamber-of-refraction-handoff-v1,Interval Chamber of Refraction,17,3,14,3,"Capture a live or simulated run for packet promotion decision record; preserve fixture, trace, output, acceptance result, and claim boundary."
warrant-chamber,Source & Evidence Review - tracking what supports each claim and what still needs review,3,3,0,0,"Add a replayable demo with before/after state, failure mode, and exported result so the software utility is visible rather than asserted."
mb-ar-sat-room-handoff-v0-1,AR-SAT Room,17,2,15,3,"Capture a live or simulated run for packet promotion decision record; preserve fixture, trace, output, acceptance result, and claim boundary."
mb-cia-do-career-handoff-v1,500-role ranked search universe (250 federal + 250 private),17,2,15,3,"Capture a live or simulated run for packet promotion decision record; preserve fixture, trace, output, acceptance result, and claim boundary."
mb-counter-idiom-lab-proper-handoff-done,Counter-Idiom Lab,17,2,15,3,"Capture a live or simulated run for packet promotion decision record; preserve fixture, trace, output, acceptance result, and claim boundary."
mb-foreign-affairs-lexicon-handoff-v1,400 coined IR terms - 30 shortlist - 20 canon - 10 mini-theories,17,2,15,3,Complete the linked source passage update and revise inspection_protocol and acceptance_test.
mb-georgetown-ic-handoff-done,Agency-targeting scorecard; 25 citations; FY2024-2026 NIP/MIP figures,17,2,15,3,"Capture a live or simulated run for packet promotion decision record; preserve fixture, trace, output, acceptance result, and claim boundary."
mb-gotham-lossless-replacement-archive-2026-04-15,Batman/Gotham 9-tier archive; canon hierarchy + Azrael rule + Issue #1-2 proofs,17,2,15,3,Complete the linked source passage update and revise inspection_protocol and acceptance_test.
mb-muranoos-redteam-tranche1-handoff-2026-04-15,Leanest pure-spec (16 KB); pages 11_OPEN_QUESTIONS,17,2,15,3,"Capture a live or simulated run for state transition proof record; preserve fixture, trace, output, acceptance result, and claim boundary."
mb-sophisticated-expression-lexicon-handoff,"50-entry curated arsenal (of planned 1,000)",17,2,15,3,"Capture a live or simulated run for packet promotion decision record; preserve fixture, trace, output, acceptance result, and claim boundary."
mb-ic-analyst-portfolio-handoff-pass1,IC analyst portfolio build kit; skill taxonomy S01-S26,17,1,16,3,"Capture a live or simulated run for packet promotion decision record; preserve fixture, trace, output, acceptance result, and claim boundary."
mb-individual-democratic-dialectic-final-handoff-done,IDDD Bibliographic Inventory,17,1,16,3,Complete the linked source passage update and revise inspection_protocol and acceptance_test.
mb-internal-operating-support-003,Internal Operating Support Packet 003,7,1,6,3,"Capture a live or simulated run for packet promotion decision record; preserve fixture, trace, output, acceptance result, and claim boundary."
mb-internal-operating-support-004,Internal Operating Support Packet 004,7,1,6,3,"Capture a live or simulated run for packet promotion decision record; preserve fixture, trace, output, acceptance result, and claim boundary."
mb-internal-operating-support-007,Internal Operating Support Packet 007,7,1,6,3,"Capture a live or simulated run for packet promotion decision record; preserve fixture, trace, output, acceptance result, and claim boundary."
mb-internal-operating-support-008,Internal Operating Support Packet 008,7,1,6,3,"Capture a live or simulated run for packet promotion decision record; preserve fixture, trace, output, acceptance result, and claim boundary."
mb-internal-operating-support-011,Internal Operating Support Packet 011,7,1,6,3,"Capture a live or simulated run for packet promotion decision record; preserve fixture, trace, output, acceptance result, and claim boundary."
mb-internal-operating-support-012,Internal Operating Support Packet 012,7,1,6,3,"Capture a live or simulated run for packet promotion decision record; preserve fixture, trace, output, acceptance result, and claim boundary."
mb-internal-operating-support-015,Internal Operating Support Packet 015,7,1,6,3,"Capture a live or simulated run for packet promotion decision record; preserve fixture, trace, output, acceptance result, and claim boundary."
mb-internal-operating-support-016,Internal Operating Support Packet 016,7,1,6,3,"Capture a live or simulated run for packet promotion decision record; preserve fixture, trace, output, acceptance result, and claim boundary."
mb-internal-operating-support-019,Internal Operating Support Packet 019,7,1,6,3,"Capture a live or simulated run for packet promotion decision record; preserve fixture, trace, output, acceptance result, and claim boundary."
mb-internal-operating-support-020,Internal Operating Support Packet 020,7,1,6,3,"Capture a live or simulated run for packet promotion decision record; preserve fixture, trace, output, acceptance result, and claim boundary."
mb-internal-operating-support-023,Internal Operating Support Packet 023,7,1,6,3,"Capture a live or simulated run for packet promotion decision record; preserve fixture, trace, output, acceptance result, and claim boundary."
mb-internal-operating-support-024,Internal Operating Support Packet 024,7,1,6,3,"Capture a live or simulated run for packet promotion decision record; preserve fixture, trace, output, acceptance result, and claim boundary."
mb-internal-operating-support-027,Internal Operating Support Packet 027,7,1,6,3,"Capture a live or simulated run for packet promotion decision record; preserve fixture, trace, output, acceptance result, and claim boundary."
mb-internal-operating-support-028,Internal Operating Support Packet 028,7,1,6,3,"Capture a live or simulated run for packet promotion decision record; preserve fixture, trace, output, acceptance result, and claim boundary."
mb-internal-operating-support-031,Internal Operating Support Packet 031,7,1,6,3,"Capture a live or simulated run for packet promotion decision record; preserve fixture, trace, output, acceptance result, and claim boundary."
mb-internal-operating-support-032,Internal Operating Support Packet 032,7,1,6,3,"Capture a live or simulated run for packet promotion decision record; preserve fixture, trace, output, acceptance result, and claim boundary."
mb-internal-operating-support-035,Internal Operating Support Packet 035,7,1,6,3,"Capture a live or simulated run for packet promotion decision record; preserve fixture, trace, output, acceptance result, and claim boundary."
mb-internal-operating-support-036,Internal Operating Support Packet 036,7,1,6,3,"Capture a live or simulated run for packet promotion decision record; preserve fixture, trace, output, acceptance result, and claim boundary."
mb-murano-os-lossless-synthesis-room-handoff,Lossless Synthesis (Magnum Opus Scriptorium),17,1,16,3,"Capture a live or simulated run for state transition proof record; preserve fixture, trace, output, acceptance result, and claim boundary."
mb-ukraine-handoff-packet,Three-lane civilian service plan; clearance-risk matrix SAFE/CAUTION/AVOID,17,1,16,3,"Capture a live or simulated run for packet promotion decision record; preserve fixture, trace, output, acceptance result, and claim boundary."
native-portfolio-index,Full Project Catalogue,17,1,16,3,"Capture a live or simulated run for packet promotion decision record; preserve fixture, trace, output, acceptance result, and claim boundary."
mb-briefingforgeroom-handoff-pass4-done,Briefing Forge Room (code-ready),17,0,17,3,"Capture a live or simulated run for packet promotion decision record; preserve fixture, trace, output, acceptance result, and claim boundary."
mb-ci-ct-do-handoff-v1-1,"CI/CT DO tradecraft v1.1; SAT enumeration + 12 analyst templates (BLUF, ACH, ICD-203)",17,0,17,3,"Capture a live or simulated run for packet promotion decision record; preserve fixture, trace, output, acceptance result, and claim boundary."
mb-ci-red-cell-handoff,CI red-cell methods reference architecture (post-integrity-correction rebuild),17,0,17,3,"Capture a live or simulated run for packet promotion decision record; preserve fixture, trace, output, acceptance result, and claim boundary."
mb-comparative-genocide-systems-lab-handoff-v1-0,Comparative Genocide Systems Lab,17,0,17,3,"Capture a live or simulated run for packet promotion decision record; preserve fixture, trace, output, acceptance result, and claim boundary."
mb-comparative-rhetoric-final,Warning Misleading name: all 24 files are 1-line title stubs (466 bytes total),7,0,7,3,"Capture a live or simulated run for packet promotion decision record; preserve fixture, trace, output, acceptance result, and claim boundary."
mb-fractal-keep-handoff-v1,Fractal Keep,17,0,17,3,"Capture a live or simulated run for packet promotion decision record; preserve fixture, trace, output, acceptance result, and claim boundary."
mb-glass-hearth-muranoos-handoff-package-2026-04-15,Glass Hearth,17,0,17,3,"Capture a live or simulated run for state transition proof record; preserve fixture, trace, output, acceptance result, and claim boundary."
mb-infragard-handoff,InfraGard preparatory note (minimal),7,0,7,3,"Capture a live or simulated run for packet promotion decision record; preserve fixture, trace, output, acceptance result, and claim boundary."
mb-insinuationengineroom-handoff-done,Insinuation Engine,17,0,17,3,"Capture a live or simulated run for packet promotion decision record; preserve fixture, trace, output, acceptance result, and claim boundary."
mb-internal-operating-support-001,Internal Operating Support Packet 001,7,0,7,3,"Capture a live or simulated run for packet promotion decision record; preserve fixture, trace, output, acceptance result, and claim boundary."
mb-internal-operating-support-002,Internal Operating Support Packet 002,7,0,7,3,"Capture a live or simulated run for packet promotion decision record; preserve fixture, trace, output, acceptance result, and claim boundary."
mb-internal-operating-support-005,Internal Operating Support Packet 005,7,0,7,3,"Capture a live or simulated run for packet promotion decision record; preserve fixture, trace, output, acceptance result, and claim boundary."
mb-internal-operating-support-006,Internal Operating Support Packet 006,7,0,7,3,"Capture a live or simulated run for packet promotion decision record; preserve fixture, trace, output, acceptance result, and claim boundary."
mb-internal-operating-support-009,Internal Operating Support Packet 009,7,0,7,3,"Capture a live or simulated run for packet promotion decision record; preserve fixture, trace, output, acceptance result, and claim boundary."
mb-internal-operating-support-010,Internal Operating Support Packet 010,7,0,7,3,"Capture a live or simulated run for packet promotion decision record; preserve fixture, trace, output, acceptance result, and claim boundary."
mb-internal-operating-support-013,Internal Operating Support Packet 013,7,0,7,3,"Capture a live or simulated run for packet promotion decision record; preserve fixture, trace, output, acceptance result, and claim boundary."
mb-internal-operating-support-014,Internal Operating Support Packet 014,7,0,7,3,"Capture a live or simulated run for packet promotion decision record; preserve fixture, trace, output, acceptance result, and claim boundary."
mb-internal-operating-support-017,Internal Operating Support Packet 017,7,0,7,3,"Capture a live or simulated run for packet promotion decision record; preserve fixture, trace, output, acceptance result, and claim boundary."
mb-internal-operating-support-018,Internal Operating Support Packet 018,7,0,7,3,"Capture a live or simulated run for packet promotion decision record; preserve fixture, trace, output, acceptance result, and claim boundary."
mb-internal-operating-support-021,Internal Operating Support Packet 021,7,0,7,3,"Capture a live or simulated run for packet promotion decision record; preserve fixture, trace, output, acceptance result, and claim boundary."
mb-internal-operating-support-022,Internal Operating Support Packet 022,7,0,7,3,"Capture a live or simulated run for packet promotion decision record; preserve fixture, trace, output, acceptance result, and claim boundary."
mb-internal-operating-support-025,Internal Operating Support Packet 025,7,0,7,3,"Capture a live or simulated run for packet promotion decision record; preserve fixture, trace, output, acceptance result, and claim boundary."
mb-internal-operating-support-026,Internal Operating Support Packet 026,7,0,7,3,"Capture a live or simulated run for packet promotion decision record; preserve fixture, trace, output, acceptance result, and claim boundary."
mb-internal-operating-support-029,Internal Operating Support Packet 029,7,0,7,3,"Capture a live or simulated run for packet promotion decision record; preserve fixture, trace, output, acceptance result, and claim boundary."
mb-internal-operating-support-030,Internal Operating Support Packet 030,7,0,7,3,"Capture a live or simulated run for packet promotion decision record; preserve fixture, trace, output, acceptance result, and claim boundary."
mb-internal-operating-support-033,Internal Operating Support Packet 033,7,0,7,3,"Capture a live or simulated run for packet promotion decision record; preserve fixture, trace, output, acceptance result, and claim boundary."
mb-internal-operating-support-034,Internal Operating Support Packet 034,7,0,7,3,"Capture a live or simulated run for packet promotion decision record; preserve fixture, trace, output, acceptance result, and claim boundary."
mb-murano-chamber-handoff,Chamber of Refractions,17,0,17,3,"Capture a live or simulated run for state transition proof record; preserve fixture, trace, output, acceptance result, and claim boundary."
mb-murano-chamber-of-record-handoff,Chamber of Record,17,0,17,3,"Capture a live or simulated run for state transition proof record; preserve fixture, trace, output, acceptance result, and claim boundary."
mb-murano-codex-prism-handoff-v1,Codex Prism,17,0,17,3,"Capture a live or simulated run for state transition proof record; preserve fixture, trace, output, acceptance result, and claim boundary."
mb-murano-house-of-light-and-doom-handoff-v1,House of Light and Doom,17,0,17,3,"Capture a live or simulated run for state transition proof record; preserve fixture, trace, output, acceptance result, and claim boundary."
mb-murano-os-annealed-refraction-chamber-handoff-done,Annealed Refraction Chamber,17,0,17,3,"Capture a live or simulated run for state transition proof record; preserve fixture, trace, output, acceptance result, and claim boundary."
mb-murano-os-glass-station-handoff,Glass Station,17,0,17,3,"Capture a live or simulated run for state transition proof record; preserve fixture, trace, output, acceptance result, and claim boundary."
mb-murano-os-handoff-2026,Doctrine Forge Codex,17,0,17,3,"Capture a live or simulated run for state transition proof record; preserve fixture, trace, output, acceptance result, and claim boundary."
mb-murano-os-lossless-study-room-handoff,Lossless Study Room,17,0,17,3,"Capture a live or simulated run for state transition proof record; preserve fixture, trace, output, acceptance result, and claim boundary."
mb-murano-os-prism-foundry-handoff,Prism Foundry,17,0,17,3,"Capture a live or simulated run for state transition proof record; preserve fixture, trace, output, acceptance result, and claim boundary."
mb-murano-os-prism-scriptorium-handoff-v1,Prism Scriptorium,17,0,17,3,"Capture a live or simulated run for state transition proof record; preserve fixture, trace, output, acceptance result, and claim boundary."
mb-murano-os-rhetorium-proper-handoff-done-v1,Rhetorium,17,0,17,3,"Capture a live or simulated run for state transition proof record; preserve fixture, trace, output, acceptance result, and claim boundary."
mb-murano-os-warrant-chamber-handoff-v1,Warrant Chamber,17,0,17,3,"Capture a live or simulated run for state transition proof record; preserve fixture, trace, output, acceptance result, and claim boundary."
mb-murano-prismatic-agora-handoff-v1-0-done,Prismatic Agora,17,0,17,3,"Capture a live or simulated run for state transition proof record; preserve fixture, trace, output, acceptance result, and claim boundary."
mb-murano-reflexive-control-chamber-pass3,Reflexive Control Chamber,17,0,17,3,"Capture a live or simulated run for state transition proof record; preserve fixture, trace, output, acceptance result, and claim boundary."
mb-murano-room-handoff-v1,Room template v1,17,0,17,3,"Capture a live or simulated run for state transition proof record; preserve fixture, trace, output, acceptance result, and claim boundary."
mb-murano-speechcraft-studio-handoff,Speechcraft Studio,17,0,17,3,"Capture a live or simulated run for state transition proof record; preserve fixture, trace, output, acceptance result, and claim boundary."
mb-muranoos-bias-atlas-conversation-to-murano-handoff-archive-2026-04-11,Bias Atlas,17,0,17,3,"Capture a live or simulated run for state transition proof record; preserve fixture, trace, output, acceptance result, and claim boundary."
mb-muranoos-briefing-forge-proper-handoff-archive-2026-04-14,Briefing Forge,17,0,17,3,"Capture a live or simulated run for state transition proof record; preserve fixture, trace, output, acceptance result, and claim boundary."
mb-muranoos-dialectic-lab-handoff-pack-pass-2-2026-04-15,Dialectic Lab,17,0,17,3,"Capture a live or simulated run for state transition proof record; preserve fixture, trace, output, acceptance result, and claim boundary."
mb-muranoos-failure-doctrine-lab-handoff-pack-2026-04-11,Failure Doctrine Lab,17,0,17,3,"Capture a live or simulated run for state transition proof record; preserve fixture, trace, output, acceptance result, and claim boundary."
mb-muranoos-fifth-dimension-lossless-continuation-archive-2026-04-13,Fifth Dimension,17,0,17,3,"Capture a live or simulated run for state transition proof record; preserve fixture, trace, output, acceptance result, and claim boundary."
mb-muranoos-glass-scriptorium-proper-handoff-archive-2026-04-11,Glass Scriptorium,17,0,17,3,"Capture a live or simulated run for state transition proof record; preserve fixture, trace, output, acceptance result, and claim boundary."
mb-muranoos-glassworksofcorrespondence-handoff-v0-1,Glassworks of Correspondence,17,0,17,3,"Capture a live or simulated run for state transition proof record; preserve fixture, trace, output, acceptance result, and claim boundary."
mb-muranoos-handoff-pack-v3-1,* META: the Protocol v3.1 itself - consumed by every MuranoOS room handoff,17,0,17,3,"Capture a live or simulated run for state transition proof record; preserve fixture, trace, output, acceptance result, and claim boundary."
mb-muranoos-handoff-pass3-done,CI Tradecraft Chamber,17,0,17,3,"Capture a live or simulated run for state transition proof record; preserve fixture, trace, output, acceptance result, and claim boundary."
mb-muranoos-human-terrain-statecraft-proper-handoff-archive-v1-0,Human Terrain & Statecraft,17,0,17,3,"Capture a live or simulated run for state transition proof record; preserve fixture, trace, output, acceptance result, and claim boundary."
mb-muranoos-prism-chamber-murano-ready-package-2026-04-14,Prism Chamber,17,0,17,3,"Capture a live or simulated run for state transition proof record; preserve fixture, trace, output, acceptance result, and claim boundary."
mb-muranoos-red-team-build02-final-proper-handoff-2026-04-11,Only one WITHOUT the 802 KB nested archive; Build 02 scope,17,0,17,3,"Capture a live or simulated run for state transition proof record; preserve fixture, trace, output, acceptance result, and claim boundary."
mb-muranoos-red-team-continuation-handoff-2026-04-11,Smallest addendum wrapper; 5-surface Core Analytical Workflow,7,0,7,3,"Capture a live or simulated run for state transition proof record; preserve fixture, trace, output, acceptance result, and claim boundary."
mb-muranoos-red-team-continuation-handoff-2026-04-14,"Compact flat reference; 14 numbered authority docs; ""Workspace Depth I""",17,0,17,3,"Capture a live or simulated run for state transition proof record; preserve fixture, trace, output, acceptance result, and claim boundary."
mb-muranoos-red-team-execution-ready-handoff-archive-2026-04-11,Only one with Build_02-Build_05 sequenced operator guides,17,0,17,3,"Capture a live or simulated run for state transition proof record; preserve fixture, trace, output, acceptance result, and claim boundary."
mb-muranoos-red-team-fresh-handoff-2026-04-16,Cold-start bootstrap; 3-variant GPT upload prompt (analysis/impl/design),17,0,17,3,"Capture a live or simulated run for state transition proof record; preserve fixture, trace, output, acceptance result, and claim boundary."
mb-muranoos-red-team-handoff-execution-archive-2026-04-15,Adds Execution Charter + 7-gate acceptance + RT-01A/B/02/03/04 tracker,17,0,17,3,"Capture a live or simulated run for state transition proof record; preserve fixture, trace, output, acceptance result, and claim boundary."
mb-muranoos-red-team-handoff-package-gpt-synth-2026-04-18,"Smallest, pure-spec GPT bridge (9 files); 7-stage Ingest-Export workflow (breaks from red_team_* spine)",17,0,17,3,"Capture a live or simulated run for state transition proof record; preserve fixture, trace, output, acceptance result, and claim boundary."
mb-muranoos-red-team-handoff-package-ready-2026-04-11,Cleanest 2-folder (GOVERNING/DERIVED); archive kept zipped,17,0,17,3,"Capture a live or simulated run for state transition proof record; preserve fixture, trace, output, acceptance result, and claim boundary."
mb-muranoos-red-team-lab-continuation-handoff-pack-2026-04-14,Introduces Vivarium codename; contradiction-graph table,17,0,17,3,"Capture a live or simulated run for state transition proof record; preserve fixture, trace, output, acceptance result, and claim boundary."
mb-muranoos-red-team-lab-handoff-package-2026-04-17,"Largest consolidated (137 files); pre-merged Steps 3-7 bundles; ""Workspace Restore""",17,0,17,3,"Capture a live or simulated run for state transition proof record; preserve fixture, trace, output, acceptance result, and claim boundary."
mb-muranoos-red-team-phase-ii-handoff-2026-04-15,Smallest doc-pack; paired .md + .rs/.ts draft patches,17,0,17,3,"Capture a live or simulated run for state transition proof record; preserve fixture, trace, output, acceptance result, and claim boundary."
mb-muranoos-red-team-phase-iii-a-handoff-2026-04-11,"Only one with Shadi_SAT_Seed.json + ""Phase III-A"" naming",17,0,17,3,"Capture a live or simulated run for state transition proof record; preserve fixture, trace, output, acceptance result, and claim boundary."
mb-muranoos-red-team-phaseii-handoff-2026-04-14,Posture Compass 5-axis instrument; framing_tensions/rival_framing columns,17,0,17,3,"Capture a live or simulated run for state transition proof record; preserve fixture, trace, output, acceptance result, and claim boundary."
mb-muranoos-red-team-proper-handoff-2026-04-14,"Strictest 4-quadrant authority layer; ""Durable Workspace Core""",17,0,17,3,"Capture a live or simulated run for state transition proof record; preserve fixture, trace, output, acceptance result, and claim boundary."
mb-muranoos-red-team-proper-handoff-2026-04-15,Triple-layer (zip+tree+addendum); 3-pass ledger,17,0,17,3,"Capture a live or simulated run for state transition proof record; preserve fixture, trace, output, acceptance result, and claim boundary."
mb-muranoos-red-team-proper-handoff-archive-2026-04-13,First fully-exploded Master_Package tree; Baltic Grey Zone materials,17,0,17,3,"Capture a live or simulated run for state transition proof record; preserve fixture, trace, output, acceptance result, and claim boundary."
mb-muranoos-red-team-proper-handoff-archive-2026-04-15,Largest (148 files); replay_overlay/ pinned to HEAD 039f2cd...; deterministic replay,17,0,17,3,"Capture a live or simulated run for state transition proof record; preserve fixture, trace, output, acceptance result, and claim boundary."
mb-muranoos-red-team-proper-handoff-package-2026-04-11,Only one with 07_Derivative_Handoff/; richest SQL DDL,17,0,17,3,"Capture a live or simulated run for state transition proof record; preserve fixture, trace, output, acceptance result, and claim boundary."
mb-muranoos-red-team-proper-handoff-packet-2026-04-11,"Smallest implementation-sufficient; flat 14-doc root; ""RT_PHASE_II_PLUS_WORKFLOW_A""",17,0,17,3,"Capture a live or simulated run for state transition proof record; preserve fixture, trace, output, acceptance result, and claim boundary."
mb-muranoos-red-team-proper-handoff-pass-02-done,Judgment/status pass; L-01..L-04 non-blocking limitations,17,0,17,3,"Capture a live or simulated run for state transition proof record; preserve fixture, trace, output, acceptance result, and claim boundary."
mb-muranoos-red-team-proper-handoff-pass1-2026-04-15,"specs/ folder: Rust param structs, SQL DDL, TS workspace contract; ""Analytical Core Expansion A""",17,0,17,3,"Capture a live or simulated run for state transition proof record; preserve fixture, trace, output, acceptance result, and claim boundary."
mb-muranoos-red-team-proper-handoff-zip-2026-04-11,Committed Step 1 patch: unified diff + bundled zip + 8 Tauri commands,17,0,17,3,"Capture a live or simulated run for state transition proof record; preserve fixture, trace, output, acceptance result, and claim boundary."
mb-muranoos-red-team-refraction-chamber-final-handoff-2026-04-14,Terminal packaging; full Refraction Chamber world design; --rt-* CSS namespace,17,0,17,3,"Capture a live or simulated run for state transition proof record; preserve fixture, trace, output, acceptance result, and claim boundary."
mb-muranoos-red-team-tranche-alpha-handoff-2026-04-14,Actual code patch: 170 KB unified diff + changed files,17,0,17,3,"Capture a live or simulated run for state transition proof record; preserve fixture, trace, output, acceptance result, and claim boundary."
mb-muranoos-red-team-tranche-ii-handoff-pack-2026-04-15,"Most self-contained; ""Analytical Memory and Provenance Spine""; 14 new commands",17,0,17,3,"Capture a live or simulated run for state transition proof record; preserve fixture, trace, output, acceptance result, and claim boundary."
mb-muranoos-red-team-tranche1-handoff-package-2026-04-11,Leanest blueprint-only; only with named rollback doc,17,0,17,3,"Capture a live or simulated run for state transition proof record; preserve fixture, trace, output, acceptance result, and claim boundary."
mb-muranoos-red-team-trancheii-handoff-2026-04-13,Surgical patch package; 12 live source snapshots + 4 patch-plane specs,17,0,17,3,"Capture a live or simulated run for state transition proof record; preserve fixture, trace, output, acceptance result, and claim boundary."
mb-muranoos-redteam-rc1-2026-04-14,RC1 wrapper; front-loaded 00_RC_Handoff/,17,0,17,3,"Capture a live or simulated run for state transition proof record; preserve fixture, trace, output, acceptance result, and claim boundary."
mb-muranoos-redteamlab-handoff-package-v1,Stub TSX/Rust + Blocker Register + Assumption Quarantine Ledger,17,0,17,3,"Capture a live or simulated run for state transition proof record; preserve fixture, trace, output, acceptance result, and claim boundary."
mb-muranoos-redteamlab-proper-handoff-package-2026-04-11,"Frozen ""Durable Analytical Core""; 12/13-field models per surface",17,0,17,3,"Capture a live or simulated run for state transition proof record; preserve fixture, trace, output, acceptance result, and claim boundary."
mb-muranoos-script-atelier-handoff-package-v0-2026-04-17,Script Atelier (v0),17,0,17,3,"Capture a live or simulated run for state transition proof record; preserve fixture, trace, output, acceptance result, and claim boundary."
mb-muranoos-the-interval-handoff-v0-1,The Interval (remote violence),17,0,17,3,"Capture a live or simulated run for state transition proof record; preserve fixture, trace, output, acceptance result, and claim boundary."
mb-muranoos-tradecraft-foundry-handoff-package-2026-04-11,Tradecraft Foundry,17,0,17,3,"Capture a live or simulated run for state transition proof record; preserve fixture, trace, output, acceptance result, and claim boundary."
mb-muranoos-western-myth-codex-phase-i-stub-pack,Western Myth Codex,17,0,17,3,"Capture a live or simulated run for state transition proof record; preserve fixture, trace, output, acceptance result, and claim boundary."
mb-redteamlab-proper-handoff-package-2026-04-14,Earliest pack; high-standard 3-column delta map,17,0,17,3,"Capture a live or simulated run for packet promotion decision record; preserve fixture, trace, output, acceptance result, and claim boundary."
mb-rfp-handoff-ch01-02-done,Chapter analysis pipeline: Chs 1 (Feklyunina) + 2 (Morozov),17,0,17,3,"Capture a live or simulated run for packet promotion decision record; preserve fixture, trace, output, acceptance result, and claim boundary."
mb-wargaming-handoff-pass1,Full portfolio build: 2 casefiles + 8-work product wargame product + 7 interview drills,17,0,17,3,"Capture a live or simulated run for packet promotion decision record; preserve fixture, trace, output, acceptance result, and claim boundary."
native-applied-history-lab,Applied History Lab,17,0,17,3,"Capture a live or simulated run for packet promotion decision record; preserve fixture, trace, output, acceptance result, and claim boundary."
native-emt,Emergency Triage Simulator,17,0,17,3,"Capture a live or simulated run for replay transcript; preserve fixture, trace, output, acceptance result, and claim boundary."
native-habitat,Volunteer Build-Day Coordination,17,0,17,3,"Capture a live or simulated run for replay transcript; preserve fixture, trace, output, acceptance result, and claim boundary."
native-master-bundle-pages,Master Bundle Pages,17,0,17,3,"Capture a live or simulated run for packet promotion decision record; preserve fixture, trace, output, acceptance result, and claim boundary."
native-pharm,Vaccine Distribution Planner,17,0,17,3,"Capture a live or simulated run for replay transcript; preserve fixture, trace, output, acceptance result, and claim boundary."
native-respite,Recovery Respite Facility Operations,17,0,17,3,"Capture a live or simulated run for replay transcript; preserve fixture, trace, output, acceptance result, and claim boundary."
native-uscri,Refugee Resettlement Resource Allocation,17,0,17,3,"Capture a live or simulated run for replay transcript; preserve fixture, trace, output, acceptance result, and claim boundary."
project-hardening,"Quality Review - checking project claims against evidence, scope, and readiness",3,0,3,3,"Capture a live or simulated run for source-to-output bridge record; preserve fixture, trace, output, acceptance result, and claim boundary."
red-team-lab,Red Team Lab - consolidated counter-deception lab across five authority roles,17,0,17,3,"Capture a live or simulated run for packet promotion decision record; preserve fixture, trace, output, acceptance result, and claim boundary."
