quote_candidate_id,source_note_id,source_candidate,public_file_label,quote_candidate_status,canonical_quote_candidate_id,candidate_short_excerpt,candidate_excerpt_word_count,candidate_location,quote_scan_status,quote_scan_scope,quote_extractor,selection_basis,human_verification_status,claim_boundary
QCN-8FCC5F65DFC6,SCN-8FCC5F65DFC6,(Contemporary Military Strategic and Security Issues) Lawrence J. Morris Military Justice A Guide to the Issues Praeger (2010),(Contemporary Military Strategic and Security Issues) Lawrence J. Morris - Military Justice A Guide to the Issues - Praeger (2010).pdf,candidate_short_excerpt_selected,QCN-8FCC5F65DFC6,"Section 1199 of the Revised Statutes of 1877 provided that the judge advocate general "" shall receive, revise and...",18,p.34,scanned,first_80_pages,PyMuPDF,Machine-selected by overlap with source/application terms; overlap terms: 6; score: 76.0.,not_human_verified,"Candidate excerpt is a selection cue, not a release-ready quotation, until exact wording, page or location, and context are human verified."
QCN-6CB2529BF5F6,SCN-6CB2529BF5F6,(Contemporary Military Strategic and Security Issues) Lawrence J. Morris Military Justice A Guide to the Issues Praeger (2010) PDOC,(Contemporary Military Strategic and Security Issues) Lawrence J. Morris - Military Justice A Guide to the Issues - Praeger (2010) PDOC.pdf,duplicate_source_uses_canonical_quote_candidate,QCN-8FCC5F65DFC6,,0,,not_scanned_duplicate_public_label,,,Duplicate public source label; public package avoids repeating verbatim candidate excerpts.,not_human_verified,Use the canonical quote candidate only as a selection cue until a human verifies exact wording and citation location.
QCN-B24D46420432,SCN-B24D46420432,(Handbooks of Sociology and Social Research) Giuseppe Caforio Handbook of the Sociology of the Military Springer (2006) PDOC,(Handbooks of Sociology and Social Research) Giuseppe Caforio - Handbook of the Sociology of the Military - Springer (2006) PDOC.pdf,candidate_short_excerpt_selected,QCN-B24D46420432,In many of the countries where military sociology has a recognized status a sociologist is present as a...,18,p.54,scanned,first_80_pages,PyMuPDF,Machine-selected by overlap with source/application terms; overlap terms: 7; score: 84.0.,not_human_verified,"Candidate excerpt is a selection cue, not a release-ready quotation, until exact wording, page or location, and context are human verified."
QCN-835AC475F307,SCN-835AC475F307,(Intelligence and the Quest for Security) Loch K. Johnson Strategic Intelligence [Five Volumes]. vol 1 5 Praeger (2006),(Intelligence and the Quest for Security) Loch K. Johnson - Strategic Intelligence [Five Volumes]. vol 1 - 5 - Praeger (2006) (3).pdf,candidate_short_excerpt_selected,QCN-835AC475F307,Also worthy of careful study is the unique nature of the relationship of the British intelligence community with...,18,p.57,scanned,first_80_pages,PyMuPDF,Machine-selected by overlap with source/application terms; overlap terms: 5; score: 68.0.,not_human_verified,"Candidate excerpt is a selection cue, not a release-ready quotation, until exact wording, page or location, and context are human verified."
QCN-1C2F85CADA9D,SCN-1C2F85CADA9D,(Intelligence and the Quest for Security) Loch K. Johnson Strategic Intelligence [Five Volumes]. vol 1 5 Praeger (2006) (3),(Intelligence and the Quest for Security) Loch K. Johnson - Strategic Intelligence [Five Volumes]. vol 1 - 5 - Praeger (2006) (3).pdf,duplicate_source_uses_canonical_quote_candidate,QCN-835AC475F307,,0,,not_scanned_duplicate_public_label,,,Duplicate public source label; public package avoids repeating verbatim candidate excerpts.,not_human_verified,Use the canonical quote candidate only as a selection cue until a human verifies exact wording and citation location.
QCN-AD6DD0F68C4E,SCN-AD6DD0F68C4E,(Military Profiles) Dennis Showalter William J. Astore Hindenburg Icon of German Militarism Potomac Books Inc. (2005) PDOC,(Military Profiles) Dennis Showalter William J. Astore - Hindenburg Icon of German Militarism - Potomac Books Inc. (2005) PDOC.pdf,candidate_short_excerpt_selected,QCN-AD6DD0F68C4E,"As struggles to de ﬁ ne Germany's military strategy raged be - hind the lines, Hindenburg strengthened his popular appeal...",18,p.44,scanned,first_80_pages,PyMuPDF,Machine-selected by overlap with source/application terms; overlap terms: 5; score: 68.0.,not_human_verified,"Candidate excerpt is a selection cue, not a release-ready quotation, until exact wording, page or location, and context are human verified."
QCN-9BA4C864525F,SCN-9BA4C864525F,(Praeger Security International) Richard D. Fisher Jr. China's Military Modernization Building for Regional and Global Reach Praeger (2008) PDOC,China's Military Modernization Building for Regional and Global Reach - Richard D. Fisher Jr..pdf,candidate_short_excerpt_selected,QCN-9BA4C864525F,Internal Weakness An additional concern is that what China may or may not do with its acceler - ating...,18,p.27,scanned,first_80_pages,PyMuPDF,Machine-selected by overlap with source/application terms; overlap terms: 7; score: 84.0.,not_human_verified,"Candidate excerpt is a selection cue, not a release-ready quotation, until exact wording, page or location, and context are human verified."
QCN-E8DB6F8BBA8E,SCN-E8DB6F8BBA8E,1601017 Conley KremlinPlaybook Web,1601017 Conley KremlinPlaybook Web.pdf,candidate_short_excerpt_selected,QCN-E8DB6F8BBA8E,"Since Central and Eastern Eu ­ rope's accession to NATO and the Eu ­ ro ­ pean Union, ­ there is no...",18,p.50,scanned,first_80_pages,PyMuPDF,Machine-selected by overlap with source/application terms; overlap terms: 6; score: 76.0.,not_human_verified,"Candidate excerpt is a selection cue, not a release-ready quotation, until exact wording, page or location, and context are human verified."
QCN-435546A29B4D,SCN-435546A29B4D,2015.219.Russian Thinkers text,2015.219.Russian - Thinkers text.pdf,candidate_short_excerpt_selected,QCN-435546A29B4D,RUSSIAN THINKERS ni * ISAIAH BERLIN Edited by Henry Hardy and Aileen Kelly With an Introduction by Aileen Kelly...,18,p.1,scanned,first_80_pages,PyMuPDF,Machine-selected by overlap with source/application terms; overlap terms: 6; score: 71.0.,not_human_verified,"Candidate excerpt is a selection cue, not a release-ready quotation, until exact wording, page or location, and context are human verified."
QCN-20BDBD96F8DB,SCN-20BDBD96F8DB,2015.219.Russian Thinkers text PDOC,2015.219.Russian - Thinkers text PDOC.pdf,duplicate_source_uses_canonical_quote_candidate,QCN-435546A29B4D,,0,,not_scanned_duplicate_public_label,,,Duplicate public source label; public package avoids repeating verbatim candidate excerpts.,not_human_verified,Use the canonical quote candidate only as a selection cue until a human verifies exact wording and citation location.
QCN-0D0F1ADB001C,SCN-0D0F1ADB001C,2020 10 06 homeland threat assessment,2020 10 06 homeland - threat - assessment.pdf,candidate_short_excerpt_selected,QCN-0D0F1ADB001C,Department of Homeland Security Illegal Immigration to the United States The duration and severity of the COVID-19 pandemic...,18,p.23,scanned,first_26_pages,PyMuPDF,Machine-selected by overlap with source/application terms; overlap terms: 6; score: 73.0.,not_human_verified,"Candidate excerpt is a selection cue, not a release-ready quotation, until exact wording, page or location, and context are human verified."
QCN-E2062223DA89,SCN-E2062223DA89,2aMassage Techniques and Effects Presentation,2aMassage - Techniques - and - Effects - Presentation.pdf,candidate_short_excerpt_selected,QCN-E2062223DA89,"Qualities of Massage Application The effects that result from applying the same techniques will vary, according to variations...",18,p.15,scanned,first_35_pages,PyMuPDF,Machine-selected by overlap with source/application terms; overlap terms: 6; score: 76.0.,not_human_verified,"Candidate excerpt is a selection cue, not a release-ready quotation, until exact wording, page or location, and context are human verified."
QCN-744D896D2B90,SCN-744D896D2B90,2aMassage Techniques and Effects Presentation PDOC,2aMassage - Techniques - and - Effects - Presentation PDOC.pdf,duplicate_source_uses_canonical_quote_candidate,QCN-E2062223DA89,,0,,not_scanned_duplicate_public_label,,,Duplicate public source label; public package avoids repeating verbatim candidate excerpts.,not_human_verified,Use the canonical quote candidate only as a selection cue until a human verifies exact wording and citation location.
QCN-365011923779,SCN-365011923779,6E72397078C34C7486448CD590CB0DF7 vladimir putin historical unity of the russians and ukranians PDOC Sean Brown,6E72397078C34C7486448CD590CB0DF7 vladimir putin historical unity of the russians and ukranians PDOC - Sean Brown.pdf,candidate_short_excerpt_selected,QCN-365011923779,"ON THE HISTORICAL UNITY OF RUSSIANS AND UKRAINIANS VLADIMIR PUTIN, AUTHOR Also Serhii Plokhy, Interviewed and Reactions UBI...",18,p.2,scanned,first_80_pages,PyMuPDF,Machine-selected by overlap with source/application terms; overlap terms: 8; score: 86.0.,not_human_verified,"Candidate excerpt is a selection cue, not a release-ready quotation, until exact wording, page or location, and context are human verified."
QCN-05585BDF61B2,SCN-05585BDF61B2,6E72397078C34C7486448CD590CB0DF7 vladimir putin historical unity of the russians and ukranians PDOC Sean Brown (2),6E72397078C34C7486448CD590CB0DF7 vladimir putin historical unity of the russians and ukranians PDOC - Sean Brown (2).pdf,candidate_short_excerpt_selected,QCN-05585BDF61B2,"ON THE HISTORICAL UNITY OF RUSSIANS AND UKRAINIANS VLADIMIR PUTIN, AUTHOR Also Serhii Plokhy, Interviewed and Reactions UBI...",18,p.2,scanned,first_80_pages,PyMuPDF,Machine-selected by overlap with source/application terms; overlap terms: 8; score: 86.0.,not_human_verified,"Candidate excerpt is a selection cue, not a release-ready quotation, until exact wording, page or location, and context are human verified."
QCN-8562DD50764F,SCN-8562DD50764F,A Companion to Andrei Platonov's the Foundation Pit Thomas Seifrid,A Companion to Andrei Platonov's the Foundation Pit - Thomas Seifrid.pdf,candidate_short_excerpt_selected,QCN-8562DD50764F,"35 The phenomenon of Soviet "" proletarian "" or "" revolutionary "" literature was more varied than is sometimes assumed in the...",18,p.44,scanned,first_80_pages,PyMuPDF,Machine-selected by overlap with source/application terms; overlap terms: 6; score: 76.0.,not_human_verified,"Candidate excerpt is a selection cue, not a release-ready quotation, until exact wording, page or location, and context are human verified."
QCN-58C9C8E2A732,SCN-58C9C8E2A732,A Companion to Environmental Thought Peter Hay,A Companion to Environmental Thought - Peter Hay.pdf,candidate_short_excerpt_selected,QCN-58C9C8E2A732,He produced possibly the first detailed critique of the animal rights position from an ecocentric per - spective within...,18,p.40,scanned,first_80_pages,PyMuPDF,Machine-selected by overlap with source/application terms; overlap terms: 6; score: 76.0.,not_human_verified,"Candidate excerpt is a selection cue, not a release-ready quotation, until exact wording, page or location, and context are human verified."
QCN-B3F9223E9C27,SCN-B3F9223E9C27,A Companion to Middle High German Literature to the 14th Century Francis G. Gentry,A Companion to Middle High German Literature to the 14th Century - Francis G. Gentry.pdf,candidate_short_excerpt_selected,QCN-B3F9223E9C27,PT187. G46 2002 830. 9'0022 - dc21 2002066744 Die Deutsche Bibliothek - CIP-Einheitsaufnahme A companion to middle high German literature...,18,p.5,scanned,first_80_pages,PyMuPDF,Machine-selected by overlap with source/application terms; overlap terms: 8; score: 84.0.,not_human_verified,"Candidate excerpt is a selection cue, not a release-ready quotation, until exact wording, page or location, and context are human verified."
QCN-CA0BAD52076E,SCN-CA0BAD52076E,A Companion to Narrative Theory James Phelan et al,A Companion to Narrative Theory - James Phelan et al.pdf,candidate_short_excerpt_selected,QCN-CA0BAD52076E,Backscheider and Catherine Ingrassia 31 A Companion to Old Norse-Icelandic Literature and Culture Edited by Rory McTurk 32...,18,p.4,scanned,first_80_pages,PyMuPDF,Machine-selected by overlap with source/application terms; overlap terms: 7; score: 84.0.,not_human_verified,"Candidate excerpt is a selection cue, not a release-ready quotation, until exact wording, page or location, and context are human verified."
QCN-AF9C89389D55,SCN-AF9C89389D55,A Companion to Narrative Theory James Phelan et al (2),A Companion to Narrative Theory - James Phelan et al (2).pdf,candidate_short_excerpt_selected,QCN-AF9C89389D55,Backscheider and Catherine Ingrassia 31 A Companion to Old Norse-Icelandic Literature and Culture Edited by Rory McTurk 32...,18,p.4,scanned,first_80_pages,PyMuPDF,Machine-selected by overlap with source/application terms; overlap terms: 7; score: 84.0.,not_human_verified,"Candidate excerpt is a selection cue, not a release-ready quotation, until exact wording, page or location, and context are human verified."
QCN-80C6BF04C0DE,SCN-80C6BF04C0DE,A Critical Cinema PDOC,A Critical Cinema PDOC.pdf,candidate_short_excerpt_selected,QCN-80C6BF04C0DE,"While Anger has never ﬁ nished a ﬁ lm with dialogue, he has always taken his sound tracks very seriously...",18,p.29,scanned,first_80_pages,PyMuPDF,Machine-selected by overlap with source/application terms; overlap terms: 5; score: 68.0.,not_human_verified,"Candidate excerpt is a selection cue, not a release-ready quotation, until exact wording, page or location, and context are human verified."
QCN-1960A4A67353,SCN-1960A4A67353,A Critical Companion to Beowulf Andy Orchard,A Critical Companion to Beowulf - Andy Orchard.pdf,candidate_short_excerpt_selected,QCN-1960A4A67353,"And also my memory shall forever stand 38 A Critical Companion to ' Beowulf ' 95 For details, see, for...",18,p.59,scanned,first_80_pages,PyMuPDF,Machine-selected by overlap with source/application terms; overlap terms: 7; score: 84.0.,not_human_verified,"Candidate excerpt is a selection cue, not a release-ready quotation, until exact wording, page or location, and context are human verified."
QCN-FB6574A4B247,SCN-FB6574A4B247,A Historical Companion to Postcolonial Literatures Continental Europe and Its Empires Prem Poddar,A Historical Companion to Postcolonial Literatures - Continental Europe and Its Empires - Prem Poddar.pdf,candidate_short_excerpt_selected,QCN-FB6574A4B247,"A Historical Companion to Postcolonial Literatures - Continental Europe and its Empires Edited by Prem Poddar, Rajeev S.",17,p.3,scanned,first_80_pages,PyMuPDF,Machine-selected by overlap with source/application terms; overlap terms: 9; score: 89.0.,not_human_verified,"Candidate excerpt is a selection cue, not a release-ready quotation, until exact wording, page or location, and context are human verified."
QCN-5BB9D6F47DD1,SCN-5BB9D6F47DD1,A History of Western Political Thought J. S. McClelland et al,A History of Western Political Thought - J. S. McClelland et al.pdf,candidate_short_excerpt_selected,QCN-5BB9D6F47DD1,"That was the intellectual world in which Socrates lived and died, and, Plato wrote, a world in which...",18,p.29,scanned,first_80_pages,PyMuPDF,Machine-selected by overlap with source/application terms; overlap terms: 7; score: 82.0.,not_human_verified,"Candidate excerpt is a selection cue, not a release-ready quotation, until exact wording, page or location, and context are human verified."
QCN-8941B35A8C5F,SCN-8941B35A8C5F,A History of Western Political Thought J. S. McClelland et al (2),A History of Western Political Thought - J. S. McClelland et al (2).pdf,candidate_short_excerpt_selected,QCN-8941B35A8C5F,"That was the intellectual world in which Socrates lived and died, and, Plato wrote, a world in which...",18,p.29,scanned,first_80_pages,PyMuPDF,Machine-selected by overlap with source/application terms; overlap terms: 7; score: 82.0.,not_human_verified,"Candidate excerpt is a selection cue, not a release-ready quotation, until exact wording, page or location, and context are human verified."
QCN-59F78823ACAB,SCN-59F78823ACAB,A Military Atlas of the First World War Arthur S. Banks et al,A Military Atlas of the First World War - Arthur S. Banks et al.pdf,no_quote_candidate_selected,,,0,,scanned,first_80_pages,PyMuPDF,"No short, clean, source-relevant sentence met the automatic candidate standard.",not_human_verified,Requires manual close reading before quotation or page-specific citation.
QCN-5ACDAF3817B8,SCN-5ACDAF3817B8,A Reader of Narrative and Critical Lenses on Intercultural Teaching and Learning Candace Schlein PDOC,A Reader of Narrative and Critical Lenses on Intercultural Teaching and Learning - Candace Schlein PDOC.pdf,candidate_short_excerpt_selected,QCN-5ACDAF3817B8,An inclusive vision of education for equity and social justice engag - es teacher educators and future teachers in...,18,p.60,scanned,first_80_pages,PyMuPDF,Machine-selected by overlap with source/application terms; overlap terms: 9; score: 100.0.,not_human_verified,"Candidate excerpt is a selection cue, not a release-ready quotation, until exact wording, page or location, and context are human verified."
QCN-7E0AC3CDB83C,SCN-7E0AC3CDB83C,A Tradecraft Primer Structured Analytic Techniques,A Tradecraft Primer Structured Analytic Techniques.pdf,candidate_short_excerpt_selected,QCN-7E0AC3CDB83C,"VALUE ADDED Like Devil's Advocacy and Team A / Team B techniques, Red Team analysis is aimed at freeing...",18,p.35,scanned,first_45_pages,PyMuPDF,Machine-selected by overlap with source/application terms; overlap terms: 5; score: 68.0.,not_human_verified,"Candidate excerpt is a selection cue, not a release-ready quotation, until exact wording, page or location, and context are human verified."
QCN-DFBEB15F84CA,SCN-DFBEB15F84CA,A Tradecraft Primer Structured Analytic Techniques (2),A Tradecraft Primer Structured Analytic Techniques (2).pdf,candidate_short_excerpt_selected,QCN-DFBEB15F84CA,"VALUE ADDED Like Devil's Advocacy and Team A / Team B techniques, Red Team analysis is aimed at freeing...",18,p.35,scanned,first_45_pages,PyMuPDF,Machine-selected by overlap with source/application terms; overlap terms: 5; score: 68.0.,not_human_verified,"Candidate excerpt is a selection cue, not a release-ready quotation, until exact wording, page or location, and context are human verified."
QCN-F1A84FB521AC,SCN-F1A84FB521AC,"AI, Authorship, & Copyright Artificial Intelligence (Generative) Resources Guides at Georgetown University","AI, Authorship, & Copyright - Artificial Intelligence (Generative) Resources - Guides at Georgetown University.pdf",candidate_short_excerpt_selected,QCN-F1A84FB521AC,Disclosing the Use of Generative AI As the use of generative AI resources throughout all stages of research...,18,p.7,scanned,first_8_pages,PyMuPDF,Machine-selected by overlap with source/application terms; overlap terms: 3; score: 52.0.,not_human_verified,"Candidate excerpt is a selection cue, not a release-ready quotation, until exact wording, page or location, and context are human verified."
QCN-60315D0DF139,SCN-60315D0DF139,AID Framework - Statement Builder,comparative - grand - strategy - a - framework - and - cases - 0198840845 - 9780198840848 compress.pdf,candidate_short_excerpt_selected,QCN-60315D0DF139,"She is a member of the Council on Foreign Relations, Women in International Security, Inter - national Studies Association...",18,p.12,scanned,first_80_pages,PyMuPDF,Machine-selected by overlap with source/application terms; overlap terms: 6; score: 76.0.,not_human_verified,"Candidate excerpt is a selection cue, not a release-ready quotation, until exact wording, page or location, and context are human verified."
QCN-CFCD4FE754B5,SCN-CFCD4FE754B5,"America's Strategic Blunders Intelligence Analysis and National Security Policy, 1936-1991 Willard C. Matthias",OceanofPDF.com Americas Strategic Blunders Intelligence Analysis and National Security Policy 1936 - 1991 - Willard C Matthias PDOC.pdf,candidate_short_excerpt_selected,QCN-CFCD4FE754B5,"America's Strategic Blunders: intelligence analysis and national security policy, 1936-1991 / Willard C.",12,p.4,scanned,first_80_pages,PyMuPDF,Machine-selected by overlap with source/application terms; overlap terms: 8; score: 76.0.,not_human_verified,"Candidate excerpt is a selection cue, not a release-ready quotation, until exact wording, page or location, and context are human verified."
QCN-EC59009B9C56,SCN-EC59009B9C56,"America's Strategic Blunders: Intelligence Analysis and National Security Policy, 1936-1991",OceanofPDF.com Americas Strategic Blunders Intelligence Analysis and National Security Policy 1936 - 1991 - Willard C Matthias PDOC.pdf,duplicate_source_uses_canonical_quote_candidate,QCN-CFCD4FE754B5,,0,,not_scanned_duplicate_public_label,,,Duplicate public source label; public package avoids repeating verbatim candidate excerpts.,not_human_verified,Use the canonical quote candidate only as a selection cue until a human verifies exact wording and citation location.
QCN-A918AE76821D,SCN-A918AE76821D,American Political Development and Poli,American Political Development and Poli.pdf,candidate_short_excerpt_selected,QCN-A918AE76821D,' The Burdens of Urban History: The Theory of the State in Recent American Social History. ' Studies in American...,18,p.15,scanned,first_18_pages,PyMuPDF,Machine-selected by overlap with source/application terms; overlap terms: 6; score: 70.0.,not_human_verified,"Candidate excerpt is a selection cue, not a release-ready quotation, until exact wording, page or location, and context are human verified."
QCN-1396D405AA6B,SCN-1396D405AA6B,American Spies Espionage Against the United States From the Cold War to the Present Michael J. Sulick,American Spies Espionage Against the United States From the Cold War to the Present - Michael J. Sulick (2).pdf,candidate_short_excerpt_selected,QCN-1396D405AA6B,The Cold War rivalry between the United States and the Soviet Union affected every facet of America's interaction...,18,p.21,scanned,first_80_pages,PyMuPDF,Machine-selected by overlap with source/application terms; overlap terms: 8; score: 92.0.,not_human_verified,"Candidate excerpt is a selection cue, not a release-ready quotation, until exact wording, page or location, and context are human verified."
QCN-301C752470B3,SCN-301C752470B3,American Spies Espionage Against the United States From the Cold War to the Present Michael J. Sulick (2),American Spies Espionage Against the United States From the Cold War to the Present - Michael J. Sulick (2).pdf,duplicate_source_uses_canonical_quote_candidate,QCN-1396D405AA6B,,0,,not_scanned_duplicate_public_label,,,Duplicate public source label; public package avoids repeating verbatim candidate excerpts.,not_human_verified,Use the canonical quote candidate only as a selection cue until a human verifies exact wording and citation location.
QCN-84B8CA0A7718,SCN-84B8CA0A7718,"Analyzing Intelligence: Origins, Obstacles, and Innovations","Analyzing Intelligence Origins, Obstacles, and Innovations - Roger Z. George (2).pdf",candidate_short_excerpt_selected,QCN-84B8CA0A7718,"See John Helgerson, Getting to Know the President: CIA Brie ﬁ ngs of Presidential Can - didates 1952-1992 ( Washington, D....",18,p.67,scanned,first_80_pages,PyMuPDF,Machine-selected by overlap with source/application terms; overlap terms: 6; score: 76.0.,not_human_verified,"Candidate excerpt is a selection cue, not a release-ready quotation, until exact wording, page or location, and context are human verified."
QCN-E037F1687489,SCN-E037F1687489,Another Bloody Century: Future Warfare,Another Bloody Century Future Warfare - Colin S. Gray.pdf,candidate_short_excerpt_selected,QCN-E037F1687489,"Because of its wealth, strategic significance and cultural dynamism, the United States is wont to scoop the pool...",18,p.41,scanned,first_80_pages,PyMuPDF,Machine-selected by overlap with source/application terms; overlap terms: 6; score: 76.0.,not_human_verified,"Candidate excerpt is a selection cue, not a release-ready quotation, until exact wording, page or location, and context are human verified."
QCN-CEEF3457F411,SCN-CEEF3457F411,Art and Fear,Art and Fear - David Bayles et al.pdf,candidate_short_excerpt_selected,QCN-CEEF3457F411,"In a general way, fears about yourself prevent you from doing your best work, while fears about your...",18,p.29,scanned,first_80_pages,PyMuPDF,Machine-selected by overlap with source/application terms; overlap terms: 4; score: 60.0.,not_human_verified,"Candidate excerpt is a selection cue, not a release-ready quotation, until exact wording, page or location, and context are human verified."
QCN-87F1F384520E,SCN-87F1F384520E,Article - Zulauf - SafeguardingObjectivityInIntelligenceAnalysis,Article - Zulauf - SafeguardingObjectivityInIntelligenceAnalysis.pdf,candidate_short_excerpt_selected,QCN-87F1F384520E,Safeguarding Objectivity in Intelligence Analysis Barry Zulauf From a Former ODNI Ombudsperson's Perspective Studies in Intelligence Vol.,17,p.1,scanned,first_6_pages,PyMuPDF,Machine-selected by overlap with source/application terms; overlap terms: 7; score: 73.0.,not_human_verified,"Candidate excerpt is a selection cue, not a release-ready quotation, until exact wording, page or location, and context are human verified."
QCN-2426A027689A,SCN-2426A027689A,Artificial Intelligence for Business Creativity,Artificial Intelligence for Business Creativity - Margherita Pagani et al.pdf,candidate_short_excerpt_selected,QCN-2426A027689A,24 MARGHERITA PAGANI AND RENAUD CHAMPION PART TWO From individual creativity toward business creativity 45 3 When Artificial...,18,p.9,scanned,first_80_pages,PyMuPDF,Machine-selected by overlap with source/application terms; overlap terms: 12; score: 124.0.,not_human_verified,"Candidate excerpt is a selection cue, not a release-ready quotation, until exact wording, page or location, and context are human verified."
QCN-C43602873769,SCN-C43602873769,"Artificial Intelligence, Management and Trust","Artificial Intelligence, Management and Trust - Mariusz Sołtysik et al.pdf",candidate_short_excerpt_selected,QCN-C43602873769,"Title: Artificial intelligence, management and trust / edited by Mariusz So ł tysik, Magda Gaw ł owska, Bartlomiej Sniezynski and Artur...",18,p.5,scanned,first_80_pages,PyMuPDF,Machine-selected by overlap with source/application terms; overlap terms: 10; score: 99.0.,not_human_verified,"Candidate excerpt is a selection cue, not a release-ready quotation, until exact wording, page or location, and context are human verified."
QCN-DBF9F5E801CB,SCN-DBF9F5E801CB,Atlas of World Architecture Markus Sebastian Braun,Atlas of World Architecture - Markus Sebastian Braun.pdf,candidate_short_excerpt_selected,QCN-DBF9F5E801CB,North America 14 15 Residential Completion Date: 2009 Photo: Bittoni design studio Architect: Bittoni design studio USA Los...,18,p.8,scanned,first_80_pages,PyMuPDF,Machine-selected by overlap with source/application terms; overlap terms: 8; score: 92.0.,not_human_verified,"Candidate excerpt is a selection cue, not a release-ready quotation, until exact wording, page or location, and context are human verified."
QCN-17814D0E920F,SCN-17814D0E920F,Atlas of World Architecture Markus Sebastian Braun (2),Atlas of World Architecture - Markus Sebastian Braun (2).pdf,candidate_short_excerpt_selected,QCN-17814D0E920F,"THE HUMAN REVOLUTION: 5 MILLION YEARS AGO TO 10, 000 BC 1 CONTINUOUS GENE FLOW MODEL Some experts...",18,p.16,scanned,first_80_pages,PyMuPDF,Machine-selected by overlap with source/application terms; overlap terms: 5; score: 68.0.,not_human_verified,"Candidate excerpt is a selection cue, not a release-ready quotation, until exact wording, page or location, and context are human verified."
QCN-337741B9ED40,SCN-337741B9ED40,Attachment and Bonding A New Synthesis C. Sue Carter,Attachment and Bonding A New Synthesis - C. Sue Carter.pdf,candidate_short_excerpt_selected,QCN-337741B9ED40,"If social bonds were dependent upon voluntary motor behaviors, then the newborn infant would be greatly disadvantaged because...",18,p.51,scanned,first_80_pages,PyMuPDF,Machine-selected by overlap with source/application terms; overlap terms: 5; score: 68.0.,not_human_verified,"Candidate excerpt is a selection cue, not a release-ready quotation, until exact wording, page or location, and context are human verified."
QCN-6D7D292D7A7F,SCN-6D7D292D7A7F,Baking and Pastry Mastering the Art and Craft Culinary Institute Of America,Baking and Pastry Mastering the Art and Craft - Culinary Institute Of America.pdf,candidate_short_excerpt_selected,QCN-6D7D292D7A7F,48 the professional baker and pastry chef part one toolS for BrEad BaKing A lame is a thin-arced...,18,p.70,scanned,first_80_pages,PyMuPDF,Machine-selected by overlap with source/application terms; overlap terms: 6; score: 76.0.,not_human_verified,"Candidate excerpt is a selection cue, not a release-ready quotation, until exact wording, page or location, and context are human verified."
QCN-CDBE2043E228,SCN-CDBE2043E228,"Battle Ready (2004) Clancy, Tom Nf Commanders","Battle Ready (2004) - Clancy, Tom - Nf - Commanders (2021 01 02 03 51 07 UTC).pdf",candidate_short_excerpt_selected,QCN-CDBE2043E228,Now he had been ordered to Binh Dinh Province in the northern part of the II CTZ ( Corps...,18,p.4,scanned,first_45_pages,PyMuPDF,Machine-selected by overlap with source/application terms; overlap terms: 5; score: 68.0.,not_human_verified,"Candidate excerpt is a selection cue, not a release-ready quotation, until exact wording, page or location, and context are human verified."
QCN-2AB361F5B8B2,SCN-2AB361F5B8B2,"Beyond Hegel and Dialectic Speculation, Cult, and Comedy William Desmond","Beyond Hegel and Dialectic Speculation, Cult, and Comedy - William Desmond.pdf",candidate_short_excerpt_selected,QCN-2AB361F5B8B2,I agree that there are urgent questions for post ­ Hegelian philosophy in relation to Hegel's dialectical middle and...,18,p.67,scanned,first_80_pages,PyMuPDF,Machine-selected by overlap with source/application terms; overlap terms: 8; score: 92.0.,not_human_verified,"Candidate excerpt is a selection cue, not a release-ready quotation, until exact wording, page or location, and context are human verified."
QCN-B5CB6240FF13,SCN-B5CB6240FF13,Bridging the Gap between Collection and Analysis Intelligence Information Processing and Data Governance Arpad Palfy,Bridging the Gap between Collection and Analysis Intelligence Information Processing and Data Governance - Arpad Palfy.pdf,candidate_short_excerpt_selected,QCN-B5CB6240FF13,"As the situation worsened and significant amounts of information and data were either lost or became irretrievable, analysts...",18,p.7,scanned,first_13_pages,PyMuPDF,Machine-selected by overlap with source/application terms; overlap terms: 6; score: 76.0.,not_human_verified,"Candidate excerpt is a selection cue, not a release-ready quotation, until exact wording, page or location, and context are human verified."
QCN-4DA2A157587F,SCN-4DA2A157587F,Bridging the Gap between Collection and Analysis Intelligence Information Processing and Data Governance Arpad Palfy (2),Bridging the Gap between Collection and Analysis Intelligence Information Processing and Data Governance - Arpad Palfy (2).pdf,candidate_short_excerpt_selected,QCN-4DA2A157587F,"As the situation worsened and significant amounts of information and data were either lost or became irretrievable, analysts...",18,p.7,scanned,first_13_pages,PyMuPDF,Machine-selected by overlap with source/application terms; overlap terms: 6; score: 76.0.,not_human_verified,"Candidate excerpt is a selection cue, not a release-ready quotation, until exact wording, page or location, and context are human verified."
QCN-D2A46BDA0EBB,SCN-D2A46BDA0EBB,Bridging the Gap between Collection and Analysis Intelligence Information Processing and Data Governance PDOC,Bridging the Gap between Collection and Analysis Intelligence Information Processing and Data Governance - Arpad Palfy.pdf,duplicate_source_uses_canonical_quote_candidate,QCN-B5CB6240FF13,,0,,not_scanned_duplicate_public_label,,,Duplicate public source label; public package avoids repeating verbatim candidate excerpts.,not_human_verified,Use the canonical quote candidate only as a selection cue until a human verifies exact wording and citation location.
QCN-6C0E97FAAA29,SCN-6C0E97FAAA29,Bridging the Gap between Collection and Analysis: Intelligence Information Processing and Data Governance,Bridging the Gap between Collection and Analysis Intelligence Information Processing and Data Governance - Arpad Palfy.pdf,duplicate_source_uses_canonical_quote_candidate,QCN-B5CB6240FF13,,0,,not_scanned_duplicate_public_label,,,Duplicate public source label; public package avoids repeating verbatim candidate excerpts.,not_human_verified,Use the canonical quote candidate only as a selection cue until a human verifies exact wording and citation location.
QCN-58BDB1D0019B,SCN-58BDB1D0019B,Brief Answers to the Big Questions by Stephen Hawking (2021 01 02 03 51 07 UTC),Brief Answers to the Big Questions by Stephen Hawking .epub,candidate_short_excerpt_selected,QCN-58BDB1D0019B,"If general relativity is correct and the energy density is positive, the surface area of the event horizon-the...",18,epub-item-20,scanned,epub_35_html_items,zip-html,Machine-selected by overlap with source/application terms; overlap terms: 6; score: 76.0.,not_human_verified,"Candidate excerpt is a selection cue, not a release-ready quotation, until exact wording, page or location, and context are human verified."
QCN-799788BAD1F7,SCN-799788BAD1F7,"Buffer Thinking in Chinese Foreign and Security Policy The Reasoning behind China's Policies toward North Korea, Taiwan, and Mongolia Yu Hua Chen","Rethinking Chinese Foreign Policy - Security, Development, and Ideology - Hai Guo.epub",candidate_short_excerpt_selected,QCN-799788BAD1F7,Each approach underscores a core motivation behind China's diplomatic style and decision-making processes in foreign affairs: realism emphasizes...,18,epub-item-4,scanned,epub_18_html_items,zip-html,Machine-selected by overlap with source/application terms; overlap terms: 8; score: 92.0.,not_human_verified,"Candidate excerpt is a selection cue, not a release-ready quotation, until exact wording, page or location, and context are human verified."
QCN-D810043A0881,SCN-D810043A0881,Building Imaginary Worlds,Building Imaginary Worlds - Mark J. P. Wolf.pdf,candidate_short_excerpt_selected,QCN-D810043A0881,"And since our own Primary World has become a highly mediated one, with much of what we know...",18,p.34,scanned,first_80_pages,PyMuPDF,Machine-selected by overlap with source/application terms; overlap terms: 5; score: 68.0.,not_human_verified,"Candidate excerpt is a selection cue, not a release-ready quotation, until exact wording, page or location, and context are human verified."
QCN-6C5F7E42EAB8,SCN-6C5F7E42EAB8,By Way of Deception,By Way of Deception - Victor Ostrovsky et al.pdf,candidate_short_excerpt_selected,QCN-6C5F7E42EAB8,"With the assistance of the CIA's Office of Security, which has responsibility for ferreting out moles, Angleton arranged...",18,p.65,scanned,first_80_pages,PyMuPDF,Machine-selected by overlap with source/application terms; overlap terms: 5; score: 68.0.,not_human_verified,"Candidate excerpt is a selection cue, not a release-ready quotation, until exact wording, page or location, and context are human verified."
QCN-DB9DB8514BF6,SCN-DB9DB8514BF6,Central and Eastern European Perspectives on International Relations Viatcheslav Morozov auth Russias Postcolonial Identity A Subaltern Empire in a Eurocentric World Palgrave Macmi,Central and Eastern European Perspectives on International Relations Viatcheslav Morozov auth - Russias Postcolonial Identity A Subaltern Empire in a Eurocentric World - Palgrav...,candidate_short_excerpt_selected,QCN-DB9DB8514BF6,"Russia's Postcolonial Identity A Subaltern Empire in a Eurocentric World Viatcheslav Morozov Professor of EU-Russia Studies, University of...",18,p.4,scanned,first_80_pages,PyMuPDF,Machine-selected by overlap with source/application terms; overlap terms: 9; score: 92.0.,not_human_verified,"Candidate excerpt is a selection cue, not a release-ready quotation, until exact wording, page or location, and context are human verified."
QCN-EA0B98905919,SCN-EA0B98905919,Challenges in Intelligence Analysis: Lessons From 1300 BCE to the Present,Challenges in Intelligence Analysis Lessons From 1300 BCE to the Present - Timothy Walton.pdf,candidate_short_excerpt_selected,QCN-EA0B98905919,"The perspective in Challenges in Intelligence Analysis: Lessons from 1300 BCE to the Present, therefore, is that what...",18,p.17,scanned,first_80_pages,PyMuPDF,Machine-selected by overlap with source/application terms; overlap terms: 6; score: 76.0.,not_human_verified,"Candidate excerpt is a selection cue, not a release-ready quotation, until exact wording, page or location, and context are human verified."
QCN-0C64551CE9BC,SCN-0C64551CE9BC,Children in the Holocaust and Its Aftermath Historical and Psychological Studies of the Kestenberg Archive Sharon Kangisser Cohen et al,Children in the Holocaust and Its Aftermath Historical and Psychological Studies of the Kestenberg Archive - Sharon Kangisser Cohen et al.pdf,candidate_short_excerpt_selected,QCN-0C64551CE9BC,Title: Children in the Holocaust and its aftermath: historical and psychological studies of the Kestenberg Archive / edited by...,18,p.4,scanned,first_80_pages,PyMuPDF,Machine-selected by overlap with source/application terms; overlap terms: 11; score: 114.0.,not_human_verified,"Candidate excerpt is a selection cue, not a release-ready quotation, until exact wording, page or location, and context are human verified."
QCN-C9CF078562AC,SCN-C9CF078562AC,Civilization and Its Discontents,Civilization and Its Discontents - Sigmund Freud.pdf,candidate_short_excerpt_selected,QCN-C9CF078562AC,"But if mans sense of guilt goes back to the murder of the father, that was undoubtedly an...",18,p.66,scanned,first_79_pages,PyMuPDF,Machine-selected by overlap with source/application terms; overlap terms: 4; score: 60.0.,not_human_verified,"Candidate excerpt is a selection cue, not a release-ready quotation, until exact wording, page or location, and context are human verified."
QCN-1FF8D9182BCA,SCN-1FF8D9182BCA,Clausewitz in the Twenty-First Century,Clausewitz in the Twenty - First Century - Hew Strachan et al (2).pdf,candidate_short_excerpt_selected,QCN-1FF8D9182BCA,"63 Waging Deterrence in the Twenty-first Century * Kevin Chilton, General, USAF Greg Weaver In recent years many national...",18,p.72,scanned,first_80_pages,PyMuPDF,Machine-selected by overlap with source/application terms; overlap terms: 6; score: 76.0.,not_human_verified,"Candidate excerpt is a selection cue, not a release-ready quotation, until exact wording, page or location, and context are human verified."
QCN-FFB60255DF62,SCN-FFB60255DF62,Cognitive Linguistics Basic Readings Dirk Geeraerts (2),Cognitive Linguistics Basic Readings - Dirk Geeraerts (2).pdf,candidate_short_excerpt_selected,QCN-FFB60255DF62,The four papers brought together in this group show how Cognitive Linguistics deals with the encyclopedic entrenchment of...,18,p.19,scanned,first_80_pages,PyMuPDF,Machine-selected by overlap with source/application terms; overlap terms: 6; score: 76.0.,not_human_verified,"Candidate excerpt is a selection cue, not a release-ready quotation, until exact wording, page or location, and context are human verified."
QCN-24877F702DBD,SCN-24877F702DBD,Cognitive Linguistics Dirk Geeraerts PDOC,Cognitive Linguistics - Dirk Geeraerts PDOC.pdf,candidate_short_excerpt_selected,QCN-24877F702DBD,The four papers brought together in this group show how Cognitive Linguistics deals with the encyclopedic entrenchment of...,18,p.19,scanned,first_80_pages,PyMuPDF,Machine-selected by overlap with source/application terms; overlap terms: 6; score: 76.0.,not_human_verified,"Candidate excerpt is a selection cue, not a release-ready quotation, until exact wording, page or location, and context are human verified."
QCN-0AA773700340,SCN-0AA773700340,Computational Techniques for Intelligence Analysis: A Cognitive Approach,Computational Techniques for Intelligence Analysis A Cognitive Approach - Vincenzo Loia et al.pdf,candidate_short_excerpt_selected,QCN-0AA773700340,Analysis The analysis will outline how the assessment and verification of information by analysts employed at Region Syd's...,18,p.33,scanned,first_53_pages,PyMuPDF,Machine-selected by overlap with source/application terms; overlap terms: 6; score: 74.0.,not_human_verified,"Candidate excerpt is a selection cue, not a release-ready quotation, until exact wording, page or location, and context are human verified."
QCN-BBBFB92090CC,SCN-BBBFB92090CC,Conflict Management and Peacebuilding Pillars of a New American Grand Strategy Dr. Volker C. Franke et al,Conflict Management and Peacebuilding Pillars of a New American Grand Strategy - Dr. Volker C. Franke et al.pdf,candidate_short_excerpt_selected,QCN-BBBFB92090CC,"Four symposium panels addressed the following topics: "" The Role of Peacebuilding and Conflict Management in a Future American...",18,p.9,scanned,first_80_pages,PyMuPDF,Machine-selected by overlap with source/application terms; overlap terms: 7; score: 84.0.,not_human_verified,"Candidate excerpt is a selection cue, not a release-ready quotation, until exact wording, page or location, and context are human verified."
QCN-A4B305EA1E15,SCN-A4B305EA1E15,Cooking as a Chemical Reaction Culinary Science With Experiments Z. Sibel Ozilgen,Cooking as a Chemical Reaction Culinary Science With Experiments - Z. Sibel Ozilgen.pdf,candidate_short_excerpt_selected,QCN-A4B305EA1E15,"Free ebooks = = > www. Ebook777. com Water in Culinary Transformations 55 The Science behind the Results During cooking, as...",18,p.73,scanned,first_80_pages,PyMuPDF,Machine-selected by overlap with source/application terms; overlap terms: 8; score: 64.0.,not_human_verified,"Candidate excerpt is a selection cue, not a release-ready quotation, until exact wording, page or location, and context are human verified."
QCN-26C32E34ADDA,SCN-26C32E34ADDA,"Corporate Security Management: Challenges, Risks, and Strategies","Corporate Security Management Challenges, Risks, and Strategies - Marko Cabric.pdf",candidate_short_excerpt_selected,QCN-26C32E34ADDA,Introduction xiv The concept of the book relies on the 5W1H argumentation model based on which we research...,18,p.15,scanned,first_80_pages,PyMuPDF,Machine-selected by overlap with source/application terms; overlap terms: 6; score: 76.0.,not_human_verified,"Candidate excerpt is a selection cue, not a release-ready quotation, until exact wording, page or location, and context are human verified."
QCN-296FE3FE8670,SCN-296FE3FE8670,Creating a Constitution Transcrip (2021 01 02 03 51 07 UTC),Creating a Constitution - Transcrip (2021 01 02 03 51 07 UTC).pdf,candidate_short_excerpt_selected,QCN-296FE3FE8670,He finally gets the Constitutional Convention and the other two delegates from New York do not like the...,18,p.5,scanned,first_7_pages,PyMuPDF,Machine-selected by overlap with source/application terms; overlap terms: 7; score: 84.0.,not_human_verified,"Candidate excerpt is a selection cue, not a release-ready quotation, until exact wording, page or location, and context are human verified."
QCN-B9FF410A03A5,SCN-B9FF410A03A5,Critical Thinking Skills,Critical Thinking Skills - Stella Cottrell (2).pdf,candidate_short_excerpt_selected,QCN-B9FF410A03A5,"O Stella Cottrell ( 2005 ), Critical Tllinkir ~ g Skills, Palgrave MacmiIlan Ltd Conclusion: should be well conclusion "" - - supported Reading...",18,p.69,scanned,first_80_pages,PyMuPDF,Machine-selected by overlap with source/application terms; overlap terms: 8; score: 92.0.,not_human_verified,"Candidate excerpt is a selection cue, not a release-ready quotation, until exact wording, page or location, and context are human verified."
QCN-A49EC70BD460,SCN-A49EC70BD460,Cultural Histories of Democracy Studies in Political Culture Since the 19th Century - Germany and Beyond Thomas Mergel,"God, Tsar, and People The Political Culture of Early Modern Russia - Daniel B. Rowland.pdf",candidate_short_excerpt_selected,QCN-A49EC70BD460,Kurbskii and the Historians 19 uchevskii was able then to proj ­ ect this awareness on to the rest...,18,p.41,scanned,first_80_pages,PyMuPDF,Machine-selected by overlap with source/application terms; overlap terms: 5; score: 68.0.,not_human_verified,"Candidate excerpt is a selection cue, not a release-ready quotation, until exact wording, page or location, and context are human verified."
QCN-66BCF6EA5EAF,SCN-66BCF6EA5EAF,DAVID KAISER Cold War requisitions scientific manpower and the production of American physicists after World War II PDOC,DAVID KAISER Cold War requisitions scientific manpower and the production of American physicists after World War II PDOC.pdf,candidate_short_excerpt_selected,QCN-66BCF6EA5EAF,"DAVID KAISER * Cold War requisitions, scientific manpower, and the production of American physicists after World War II HSPS...",18,p.1,scanned,first_29_pages,PyMuPDF,Machine-selected by overlap with source/application terms; overlap terms: 10; score: 104.0.,not_human_verified,"Candidate excerpt is a selection cue, not a release-ready quotation, until exact wording, page or location, and context are human verified."
QCN-CABF10A5FAF2,SCN-CABF10A5FAF2,Deception Counterdeception and Counterintelligence Robert M. Clark et al,Deception Counterdeception and Counterintelligence - Robert M. Clark et al.pdf,candidate_short_excerpt_selected,QCN-CABF10A5FAF2,"While broadly a vision statement for the many ways in which counterintelligence should support national security, the strategy's...",18,p.38,scanned,first_80_pages,PyMuPDF,Machine-selected by overlap with source/application terms; overlap terms: 6; score: 76.0.,not_human_verified,"Candidate excerpt is a selection cue, not a release-ready quotation, until exact wording, page or location, and context are human verified."
QCN-523D4902EF24,SCN-523D4902EF24,Deception Counterdeception and Counterintelligence Robert M. Clark et al (2),Deception Counterdeception and Counterintelligence - Robert M. Clark et al (2).pdf,candidate_short_excerpt_selected,QCN-523D4902EF24,"While broadly a vision statement for the many ways in which counterintelligence should support national security, the strategy's...",18,p.38,scanned,first_80_pages,PyMuPDF,Machine-selected by overlap with source/application terms; overlap terms: 6; score: 76.0.,not_human_verified,"Candidate excerpt is a selection cue, not a release-ready quotation, until exact wording, page or location, and context are human verified."
QCN-20AD7B00DF57,SCN-20AD7B00DF57,Deception: Counterdeception and Counterintelligence,Deception Counterdeception and Counterintelligence - Robert M. Clark et al.pdf,duplicate_source_uses_canonical_quote_candidate,QCN-CABF10A5FAF2,,0,,not_scanned_duplicate_public_label,,,Duplicate public source label; public package avoids repeating verbatim candidate excerpts.,not_human_verified,Use the canonical quote candidate only as a selection cue until a human verifies exact wording and citation location.
QCN-2DA924524CD2,SCN-2DA924524CD2,Dialectic of Enlightenment Theodor W. Adorno et al,Dialectic of Enlightenment - Theodor W. Adorno et al (2).pdf,candidate_short_excerpt_selected,QCN-2DA924524CD2,"Much as the eighteenth-century Enlightenment thinkers ( and, such seventeenth-century precursors as Grotius, Pufendorf, and Locke ) had produced political...",18,p.57,scanned,first_80_pages,PyMuPDF,Machine-selected by overlap with source/application terms; overlap terms: 6; score: 76.0.,not_human_verified,"Candidate excerpt is a selection cue, not a release-ready quotation, until exact wording, page or location, and context are human verified."
QCN-6D0C5AF761F4,SCN-6D0C5AF761F4,Dialectic of Enlightenment Theodor W. Adorno et al (2),Dialectic of Enlightenment - Theodor W. Adorno et al (2).pdf,duplicate_source_uses_canonical_quote_candidate,QCN-2DA924524CD2,,0,,not_scanned_duplicate_public_label,,,Duplicate public source label; public package avoids repeating verbatim candidate excerpts.,not_human_verified,Use the canonical quote candidate only as a selection cue until a human verifies exact wording and citation location.
QCN-DF7017A6EA2D,SCN-DF7017A6EA2D,Discourse of Race in Modern China Frank Dikotter Dikotter PDOC,Discourse of Race in Modern China - Frank Dikotter Dikotter PDOC.pdf,candidate_short_excerpt_selected,QCN-DF7017A6EA2D,"The pervasiveness of racial discourse, moreover, indicates that the ' white peril ' was not merely a political weapon: racial...",18,p.66,scanned,first_80_pages,PyMuPDF,Machine-selected by overlap with source/application terms; overlap terms: 6; score: 76.0.,not_human_verified,"Candidate excerpt is a selection cue, not a release-ready quotation, until exact wording, page or location, and context are human verified."
QCN-7FC2976FCAF3,SCN-7FC2976FCAF3,"Disinformation and Counternarratives in International Security Cognitive Competition Gustavo Díaz Matey, Pablo Moral","Disinformation and Counternarratives in International Security - Cognitive Competition - Gustavo Díaz Matey, Pablo Moral.epub",candidate_short_excerpt_selected,QCN-7FC2976FCAF3,Disinformation and Counternarratives in International Security Cognitive Competition Edited by Gustavo D í az Matey and Pablo Moral,17,epub-item-22,scanned,epub_22_html_items,zip-html,Machine-selected by overlap with source/application terms; overlap terms: 10; score: 97.0.,not_human_verified,"Candidate excerpt is a selection cue, not a release-ready quotation, until exact wording, page or location, and context are human verified."
QCN-2EBD4AFD1FC0,SCN-2EBD4AFD1FC0,Encyclopedia of Cryptography and Security,Encyclopedia of Cryptography and Security - Henk C. A. van Tilborg.pdf,candidate_short_excerpt_selected,QCN-2EBD4AFD1FC0,""" Related-key cryptanalysis of 3-WAY, Biham-DES, CAST, DES-X, NewDES, RC2, and TEA. "" Interna - tional Conference on Information and Communica -...",18,p.76,scanned,first_80_pages,PyMuPDF,Machine-selected by overlap with source/application terms; overlap terms: 6; score: 75.0.,not_human_verified,"Candidate excerpt is a selection cue, not a release-ready quotation, until exact wording, page or location, and context are human verified."
QCN-1E5B7114AEFE,SCN-1E5B7114AEFE,Encyclopedia of GIS,Encyclopedia of GIS - Shashi Shekhar (4).pdf,candidate_short_excerpt_selected,QCN-1E5B7114AEFE,"Rockwell Scienti ﬁ c Company ( 2001 ) Aggregation ▶ Hierarchies and Level of Detail Aggregation Query, Spatial DONGHUI ZHANG College of...",18,p.50,scanned,first_80_pages,PyMuPDF,Machine-selected by overlap with source/application terms; overlap terms: 6; score: 76.0.,not_human_verified,"Candidate excerpt is a selection cue, not a release-ready quotation, until exact wording, page or location, and context are human verified."
QCN-35D72675FE8D,SCN-35D72675FE8D,Encyclopedia of World History,Encyclopedia of World History - Marsha E. Ackermann et al.pdf,candidate_short_excerpt_selected,QCN-35D72675FE8D,"Elsewhere, written history begins much later: in Greece, about 3, 500 years ago; in China, about 2, 000...",18,p.5,scanned,first_80_pages,PyMuPDF,Machine-selected by overlap with source/application terms; overlap terms: 3; score: 52.0.,not_human_verified,"Candidate excerpt is a selection cue, not a release-ready quotation, until exact wording, page or location, and context are human verified."
QCN-40D1E864C1A3,SCN-40D1E864C1A3,"Gancels Culinary Encyclopedia of Modern Cooking 1920 Gancel, Joseph. [from old catalog]","Gancels Culinary Encyclopedia of Modern Cooking 1920 - Gancel, Joseph. [from old catalog].pdf",candidate_short_excerpt_selected,QCN-40D1E864C1A3,"Calabrais, Hard, stuf. w. sal. anchovies, red and green peppers, breaded English style, fried, on capane, Bor - delaise...",18,p.48,scanned,first_80_pages,PyMuPDF,Machine-selected by overlap with source/application terms; overlap terms: 6; score: 68.0.,not_human_verified,"Candidate excerpt is a selection cue, not a release-ready quotation, until exact wording, page or location, and context are human verified."
QCN-89879BAE1F37,SCN-89879BAE1F37,"God, Time, and Knowledge William Hasker","God, Time, and Knowledge - William Hasker.pdf",candidate_short_excerpt_selected,QCN-89879BAE1F37,"I believe the proponents of middle knowledge accept this, which is why they claim that the agent brings...",18,p.55,scanned,first_80_pages,PyMuPDF,Machine-selected by overlap with source/application terms; overlap terms: 6; score: 76.0.,not_human_verified,"Candidate excerpt is a selection cue, not a release-ready quotation, until exact wording, page or location, and context are human verified."
QCN-D74DDFF670E1,SCN-D74DDFF670E1,Handbook of Artificial Intelligence and Wearables: Applications and Case Studies,Handbook of Artificial Intelligence and Wearables Applications and Case Studies - Edited by Hemachandran K et al.pdf,candidate_short_excerpt_selected,QCN-D74DDFF670E1,Handbook of Artificial Intelligence and Wearables: Applications and Case Studies presents a deep understanding of AI and its...,18,p.2,scanned,first_80_pages,PyMuPDF,Machine-selected by overlap with source/application terms; overlap terms: 7; score: 78.0.,not_human_verified,"Candidate excerpt is a selection cue, not a release-ready quotation, until exact wording, page or location, and context are human verified."
QCN-6F4EF8D84E10,SCN-6F4EF8D84E10,"Handbook of Attachment: Theory, Research, and Clinical Applications","Handbook of Attachment Theory, Research, and Clinical Applications - Jude Cassidy et al.pdf",candidate_short_excerpt_selected,QCN-6F4EF8D84E10,Cassidy serves as coeditor of the journal Attachment and Human Development and is on the editorial boards of...,18,p.8,scanned,first_80_pages,PyMuPDF,Machine-selected by overlap with source/application terms; overlap terms: 6; score: 76.0.,not_human_verified,"Candidate excerpt is a selection cue, not a release-ready quotation, until exact wording, page or location, and context are human verified."
QCN-212F8372FD63,SCN-212F8372FD63,"Hidden Genocides: Power, Knowledge, Memory","Hidden Genocides Power, Knowledge, Memory - Alexander Laban Hinton et al.pdf",candidate_short_excerpt_selected,QCN-212F8372FD63,"Is it a question of power making knowledge, as Roman Serbyn, the Ukrainian Canadian historian and onetime chair...",18,p.76,scanned,first_80_pages,PyMuPDF,Machine-selected by overlap with source/application terms; overlap terms: 6; score: 76.0.,not_human_verified,"Candidate excerpt is a selection cue, not a release-ready quotation, until exact wording, page or location, and context are human verified."
QCN-72A95A69B2B0,SCN-72A95A69B2B0,Historical Dictionary of Signals Intelligence,Historical Dictionary of Signals Intelligence - Nigel West.pdf,candidate_short_excerpt_selected,QCN-72A95A69B2B0,"' ' Robert Altman: Backgammon and Spinach, ' ' interview with Tom Milne and Richard Combs, in Sight and Sound ( London ), Sum -...",18,p.29,scanned,first_80_pages,PyMuPDF,Machine-selected by overlap with source/application terms; overlap terms: 6; score: 68.0.,not_human_verified,"Candidate excerpt is a selection cue, not a release-ready quotation, until exact wording, page or location, and context are human verified."
QCN-628CEFAAD740,SCN-628CEFAAD740,Human Rights and War Through Civilian Eyes Thomas W Smith,Human Rights and War Through Civilian Eyes - Thomas W Smith.pdf,candidate_short_excerpt_selected,QCN-628CEFAAD740,"Human Rights and the Norms of Modern Warfare 13 • freedom of peaceable assembly and association, and the freedom...",18,p.23,scanned,first_80_pages,PyMuPDF,Machine-selected by overlap with source/application terms; overlap terms: 5; score: 68.0.,not_human_verified,"Candidate excerpt is a selection cue, not a release-ready quotation, until exact wording, page or location, and context are human verified."
QCN-0BE6B0EE8873,SCN-0BE6B0EE8873,Hybrid Intelligence for Image Analysis and Understanding,Hybrid Intelligence for Image Analysis and Understanding - Siddhartha Bhattacharyya et al.pdf,candidate_short_excerpt_selected,QCN-0BE6B0EE8873,Hybrid Intelligence for Image Analysis and Understanding Edited by Siddhartha Bhattacharyya RCC Institute of Information Technology India Indrajit...,18,p.31,scanned,first_80_pages,PyMuPDF,Machine-selected by overlap with source/application terms; overlap terms: 7; score: 84.0.,not_human_verified,"Candidate excerpt is a selection cue, not a release-ready quotation, until exact wording, page or location, and context are human verified."
QCN-5A696F8A3509,SCN-5A696F8A3509,Innovation and the Arms Race How the United States and the Soviet Union Develop New Military Technologies Matthew Evangelista,Innovation and the Arms Race How the United States and the Soviet Union Develop New Military Technologies - Matthew Evangelista.pdf,candidate_short_excerpt_selected,QCN-5A696F8A3509,Innovation and the Arms Race HOW THE UNITED STATES AND THE SOVIET UNION DEVELOP NEW MILITARY TECHNOLOGIES Matthew...,18,p.3,scanned,first_80_pages,PyMuPDF,Machine-selected by overlap with source/application terms; overlap terms: 12; score: 121.0.,not_human_verified,"Candidate excerpt is a selection cue, not a release-ready quotation, until exact wording, page or location, and context are human verified."
QCN-77C4E2894A31,SCN-77C4E2894A31,Intelligence and Information Policy for National Security: Key Terms and Concepts,Intelligence and Information Policy for National Security Key Terms and Concepts - Jan Goldman et al.pdf,candidate_short_excerpt_selected,QCN-77C4E2894A31,Introduction and Overview Intelligence and Information Policy for National Security: Key Terms and Concepts Susan Maret This book...,18,p.12,scanned,first_80_pages,PyMuPDF,Machine-selected by overlap with source/application terms; overlap terms: 7; score: 84.0.,not_human_verified,"Candidate excerpt is a selection cue, not a release-ready quotation, until exact wording, page or location, and context are human verified."
QCN-AE3FF654806B,SCN-AE3FF654806B,Intelligence and Intelligence Analysis,Intelligence and Intelligence Analysis - Patrick F. Walsh (2).pdf,candidate_short_excerpt_selected,QCN-AE3FF654806B,"Pandemics, of whatever cause, also underscore the need for traditional intelligence actors ( national security and policing agencies ), and...",18,p.73,scanned,first_80_pages,PyMuPDF,Machine-selected by overlap with source/application terms; overlap terms: 7; score: 84.0.,not_human_verified,"Candidate excerpt is a selection cue, not a release-ready quotation, until exact wording, page or location, and context are human verified."
QCN-B527DF087E32,SCN-B527DF087E32,International Encyclopedia of Social & Behavioral Sciences,International Encyclopedia of Social & Behavioral Sciences - N. J. Smelser et al.pdf,candidate_short_excerpt_selected,QCN-B527DF087E32,"Jewell Associate Professor, Department of Sociology and Interim Director, Race & Ethnic Studies Institute Texas A & M University EDUCATION...",18,p.75,scanned,first_80_pages,PyMuPDF,Machine-selected by overlap with source/application terms; overlap terms: 11; score: 116.0.,not_human_verified,"Candidate excerpt is a selection cue, not a release-ready quotation, until exact wording, page or location, and context are human verified."
QCN-542E99D0A9BF,SCN-542E99D0A9BF,Libraries of the Mind,Libraries of the Mind - William Marx.pdf,candidate_short_excerpt_selected,QCN-542E99D0A9BF,"The invisible, mental library of this early twentieth-century English academic effectively disappeared with his death: mental libraries die...",18,p.15,scanned,first_80_pages,PyMuPDF,Machine-selected by overlap with source/application terms; overlap terms: 5; score: 64.0.,not_human_verified,"Candidate excerpt is a selection cue, not a release-ready quotation, until exact wording, page or location, and context are human verified."
QCN-1345FB341398,SCN-1345FB341398,"Literacy as Involvement: The Acts of Writers, Readers, and Texts","Literacy as Involvement The Acts of Writers, Readers, and Texts - Deborah Brandt.pdf",candidate_short_excerpt_selected,QCN-1345FB341398,"Specifically, making sense of print requires the fundamental realization that written language is about an involvement of writer...",18,p.45,scanned,first_80_pages,PyMuPDF,Machine-selected by overlap with source/application terms; overlap terms: 8; score: 92.0.,not_human_verified,"Candidate excerpt is a selection cue, not a release-ready quotation, until exact wording, page or location, and context are human verified."
QCN-40561C11054E,SCN-40561C11054E,National Security and Counterintelligence in the Era of Cyber Espionage Eugenie de Silva,National Security and Counterintelligence in the Era of Cyber Espionage - Eugenie de Silva.pdf,candidate_short_excerpt_selected,QCN-40561C11054E,"National Security and Counterintelligence in the Era of Cyber Espionage Eugenie de Silva University of Leicester, UK & Virginia...",18,p.2,scanned,first_80_pages,PyMuPDF,Machine-selected by overlap with source/application terms; overlap terms: 9; score: 100.0.,not_human_verified,"Candidate excerpt is a selection cue, not a release-ready quotation, until exact wording, page or location, and context are human verified."
QCN-F15D6D6A930E,SCN-F15D6D6A930E,"National, European and Human Security: From Co-Existence to Convergence","National, European and Human Security From Co - Existence to Convergence - Mary Martin et al.pdf",candidate_short_excerpt_selected,QCN-F15D6D6A930E,The European Union and Human Security External interventions and missions Edited by Mary Martin and Mary Kaldor National...,18,p.3,scanned,first_80_pages,PyMuPDF,Machine-selected by overlap with source/application terms; overlap terms: 7; score: 84.0.,not_human_verified,"Candidate excerpt is a selection cue, not a release-ready quotation, until exact wording, page or location, and context are human verified."
QCN-94CF71A25C6E,SCN-94CF71A25C6E,"No Place for Russia European Security Institutions Since 1989 Hill, William H","No Place for Russia - European Security Institutions Since 1989 - Hill, William H.epub",candidate_short_excerpt_selected,QCN-94CF71A25C6E,For two decent short treatments of how the issue played out in US-Russian relations and European security affairs...,18,epub-item-1,scanned,epub_22_html_items,zip-html,Machine-selected by overlap with source/application terms; overlap terms: 8; score: 92.0.,not_human_verified,"Candidate excerpt is a selection cue, not a release-ready quotation, until exact wording, page or location, and context are human verified."
QCN-2F8509B26490,SCN-2F8509B26490,OceanofPDF.com Americas Strategic Blunders Intelligence Analysis and National Security Policy 1936 1991 Willard C Matthias PDOC,OceanofPDF.com Americas Strategic Blunders Intelligence Analysis and National Security Policy 1936 - 1991 - Willard C Matthias PDOC.pdf,duplicate_source_uses_canonical_quote_candidate,QCN-CFCD4FE754B5,,0,,not_scanned_duplicate_public_label,,,Duplicate public source label; public package avoids repeating verbatim candidate excerpts.,not_human_verified,Use the canonical quote candidate only as a selection cue until a human verifies exact wording and citation location.
QCN-F8E2A0AFDA24,SCN-F8E2A0AFDA24,OceanofPDF.com Security Assurances and Nuclear Nonproliferation Jeffrey W Knopf PDOC,OceanofPDF.com Security Assurances and Nuclear Nonproliferation - Jeffrey W Knopf PDOC.pdf,candidate_short_excerpt_selected,QCN-F8E2A0AFDA24,Extended nuclear deterrence commitments associated with some forms of positive security assurance encourage nuclear weapon states to main -...,18,p.23,scanned,first_80_pages,PyMuPDF,Machine-selected by overlap with source/application terms; overlap terms: 8; score: 92.0.,not_human_verified,"Candidate excerpt is a selection cue, not a release-ready quotation, until exact wording, page or location, and context are human verified."
QCN-D131010788DF,SCN-D131010788DF,OceanofPDF.com The Sources of Military Doctrine France Britain and Germany Between the World Wars Barry R Posen PDOC,OceanofPDF.com The Sources of Military Doctrine France Britain and Germany Between the World Wars - Barry R Posen PDOC.pdf,candidate_short_excerpt_selected,QCN-D131010788DF,"BALANCE OF POWER THEORY AND MILITARY DOCTRINE Organization theory suggests a tendency toward offensive, stag ­ nant military doctrines...",18,p.59,scanned,first_80_pages,PyMuPDF,Machine-selected by overlap with source/application terms; overlap terms: 11; score: 116.0.,not_human_verified,"Candidate excerpt is a selection cue, not a release-ready quotation, until exact wording, page or location, and context are human verified."
QCN-2192AD4E8E93,SCN-2192AD4E8E93,Omega and the End of the Universe,Omega and the End of the Universe - (2021 01 02 03 51 07 UTC).pdf,candidate_short_excerpt_selected,QCN-2192AD4E8E93,"You can't take all your dark matter and put it into one lump per galaxy, or even 100...",18,p.5,scanned,first_5_pages,PyMuPDF,Machine-selected by overlap with source/application terms; overlap terms: 4; score: 60.0.,not_human_verified,"Candidate excerpt is a selection cue, not a release-ready quotation, until exact wording, page or location, and context are human verified."
QCN-7673360BE4C6,SCN-7673360BE4C6,On the History of Film Style,On the History of Film Style - David Bordwell.pdf,candidate_short_excerpt_selected,QCN-7673360BE4C6,DEFENDING AND DEFINING THE SEVENTH ART: THE STANDARD VERSION OF STYLISTIC HISTORY By the end of World War...,18,p.23,scanned,first_80_pages,PyMuPDF,Machine-selected by overlap with source/application terms; overlap terms: 7; score: 84.0.,not_human_verified,"Candidate excerpt is a selection cue, not a release-ready quotation, until exact wording, page or location, and context are human verified."
QCN-C901CF525F07,SCN-C901CF525F07,Peace Education From the Grassroots,Peace Education From the Grassroots - Ian M. Harris.pdf,candidate_short_excerpt_selected,QCN-C901CF525F07,EBSCO Publishing: eBook Collection ( EBSCOhost ) - printed on 10 / 1 / 2020 12: 39 PM via MCGILL UNIV AN: 607697...,18,p.1,scanned,first_80_pages,PyMuPDF,Machine-selected by overlap with source/application terms; overlap terms: 7; score: 77.0.,not_human_verified,"Candidate excerpt is a selection cue, not a release-ready quotation, until exact wording, page or location, and context are human verified."
QCN-BA52469959AF,SCN-BA52469959AF,Pherso Counterintelligence Structured Analytic Techniques,Pherso Counterintelligence Structured Analytic Techniques.pdf,candidate_short_excerpt_selected,QCN-BA52469959AF,6 The Road to Tarin Kowt Cases in Intelligence Analysis: Structured Analytic Techniques in Action Instructor Materials Table...,18,p.74,scanned,first_80_pages,PyMuPDF,Machine-selected by overlap with source/application terms; overlap terms: 6; score: 76.0.,not_human_verified,"Candidate excerpt is a selection cue, not a release-ready quotation, until exact wording, page or location, and context are human verified."
QCN-7852F76C67EA,SCN-7852F76C67EA,Principles of Microeconomics,Principles of Microeconomics - N. Gregory Mankiw.pdf,candidate_short_excerpt_selected,QCN-7852F76C67EA,"In a market economy, the market economy an economy that allo - cates resources through the decentralized deci - sions...",18,p.34,scanned,first_80_pages,PyMuPDF,Machine-selected by overlap with source/application terms; overlap terms: 6; score: 76.0.,not_human_verified,"Candidate excerpt is a selection cue, not a release-ready quotation, until exact wording, page or location, and context are human verified."
QCN-433377067F17,SCN-433377067F17,Propaganda - Made - to - Measure - How - Our - Vulnerabilities - Facilitate - Russian - Influence,Propaganda - Made - to - Measure - How - Our - Vulnerabilities - Facilitate - Russian - Influence.pdf,candidate_short_excerpt_selected,QCN-433377067F17,"ASYMMETRIC THREATS PROGRAMME A Study of Roma and the Republic PROPAGAN HOW OUR V FACILITATE ania, Bulgaria, Georgia...",18,p.1,scanned,first_80_pages,PyMuPDF,Machine-selected by overlap with source/application terms; overlap terms: 8; score: 92.0.,not_human_verified,"Candidate excerpt is a selection cue, not a release-ready quotation, until exact wording, page or location, and context are human verified."
QCN-B487FE34ECED,SCN-B487FE34ECED,Psychology of Intelligence Analysis,Psychology of Intelligence Analysis - Richard Heuer.pdf,candidate_short_excerpt_selected,QCN-B487FE34ECED,"Depth of processing refers to the amount of effort and cognitive capacity employed to process information, and the...",18,p.56,scanned,first_80_pages,PyMuPDF,Machine-selected by overlap with source/application terms; overlap terms: 4; score: 60.0.,not_human_verified,"Candidate excerpt is a selection cue, not a release-ready quotation, until exact wording, page or location, and context are human verified."
QCN-2818975C8BF7,SCN-2818975C8BF7,Putin Takes Crimea 2014: Grey-Zone Warfare Opens the Russia-Ukraine Conflict,Putin Takes Crimea 2014 Grey - Zone Warfare Opens the Russia - Ukraine Conflict - Mark Galeotti.pdf,candidate_short_excerpt_selected,QCN-2818975C8BF7,PUTIN TAKES CRIMEA 2014 Grey-zone warfare opens the Russia-Ukraine conflict MARK GALEOT T I,14,p.1,scanned,first_80_pages,PyMuPDF,Machine-selected by overlap with source/application terms; overlap terms: 10; score: 94.0.,not_human_verified,"Candidate excerpt is a selection cue, not a release-ready quotation, until exact wording, page or location, and context are human verified."
QCN-6423F85ECDEC,SCN-6423F85ECDEC,Putin and the Oligarch,"Putin and the Oligarch - Sakwa, Richard; (2).pdf",candidate_short_excerpt_selected,QCN-6423F85ECDEC,It is my pleasure to acknowledge the support of the British Academy for two Small Research Grants: ' The...,18,p.17,scanned,first_80_pages,PyMuPDF,Machine-selected by overlap with source/application terms; overlap terms: 5; score: 68.0.,not_human_verified,"Candidate excerpt is a selection cue, not a release-ready quotation, until exact wording, page or location, and context are human verified."
QCN-E68CAC3CD8A4,SCN-E68CAC3CD8A4,"Rethinking Chinese Foreign Policy Security, Development, and Ideology Hai Guo","Rethinking Chinese Foreign Policy - Security, Development, and Ideology - Hai Guo.epub",duplicate_source_uses_canonical_quote_candidate,QCN-799788BAD1F7,,0,,not_scanned_duplicate_public_label,,,Duplicate public source label; public package avoids repeating verbatim candidate excerpts.,not_human_verified,Use the canonical quote candidate only as a selection cue until a human verifies exact wording and citation location.
QCN-428CCB2EE215,SCN-428CCB2EE215,Return to the Motherland: Displaced Soviets in WWII and the Cold War,Return to the Motherland Displaced Soviets in WWII and the Cold War - Seth Bernstein.pdf,candidate_short_excerpt_selected,QCN-428CCB2EE215,"In Germany, forced laborers had few opportunities to record their stories, and after their return to the USSR...",18,p.43,scanned,first_80_pages,PyMuPDF,Machine-selected by overlap with source/application terms; overlap terms: 7; score: 84.0.,not_human_verified,"Candidate excerpt is a selection cue, not a release-ready quotation, until exact wording, page or location, and context are human verified."
QCN-BEAFDB7F35BD,SCN-BEAFDB7F35BD,Routledge Handbook of Forest Ecology,Routledge Handbook of Forest Ecology - Kelvin S. - H. Peh et al.pdf,candidate_short_excerpt_selected,QCN-BEAFDB7F35BD,"10 In eastern North America, some high elevation forests, embedded into the northern temperate zone, share species such...",18,p.27,scanned,first_80_pages,PyMuPDF,Machine-selected by overlap with source/application terms; overlap terms: 9; score: 100.0.,not_human_verified,"Candidate excerpt is a selection cue, not a release-ready quotation, until exact wording, page or location, and context are human verified."
QCN-C1F4A019CFC7,SCN-C1F4A019CFC7,Routledge Handbook of Psychoanalytic Political Theory,Routledge Handbook of Psychoanalytic Political Theory - Yannis Stavrakakis.pdf,candidate_short_excerpt_selected,QCN-C1F4A019CFC7,"This therapeutic strategy finds an analogy in what Melanie Klein describes as the-subjective, clinical, and developmental but also...",18,p.26,scanned,first_80_pages,PyMuPDF,Machine-selected by overlap with source/application terms; overlap terms: 7; score: 84.0.,not_human_verified,"Candidate excerpt is a selection cue, not a release-ready quotation, until exact wording, page or location, and context are human verified."
QCN-22684C4CB9A2,SCN-22684C4CB9A2,"Routledge Handbook on Cooperation, Interdependencies and Security in the Mediterranean Elena Calandri, Karolina Golemo, Jesús Ventura Fernández","Routledge Handbook on Cooperation, Interdependencies and Security in the Mediterranean - Elena Calandri, Karolina Golemo, Jesús Ventura - Fernández.epub",candidate_short_excerpt_selected,QCN-22684C4CB9A2,"Title Page iii Routledge Handbook on Cooperation, Interdependencies and Security in the Mediterranean Edited by Elena Calandri, Karolina...",18,epub-item-2,scanned,epub_39_html_items,zip-html,Machine-selected by overlap with source/application terms; overlap terms: 13; score: 128.0.,not_human_verified,"Candidate excerpt is a selection cue, not a release-ready quotation, until exact wording, page or location, and context are human verified."
QCN-03752F0D04C4,SCN-03752F0D04C4,Russia's Global Reach A Security and Statecraft Assessment 0 PDOC,Russia's Global Reach A Security and Statecraft Assessment 0 PDOC.pdf,candidate_short_excerpt_selected,QCN-03752F0D04C4,"17 Chapter 3 Russia and European Great Powers: France, Germany, and the United Kingdom By P á l Dunay...",18,p.35,scanned,first_80_pages,PyMuPDF,Machine-selected by overlap with source/application terms; overlap terms: 8; score: 92.0.,not_human_verified,"Candidate excerpt is a selection cue, not a release-ready quotation, until exact wording, page or location, and context are human verified."
QCN-4F934894C36A,SCN-4F934894C36A,Russia's Global Reach A Security and Statecraft Assessment Graeme P. Herd,Russia's Global Reach A Security and Statecraft Assessment 0 PDOC.pdf,duplicate_source_uses_canonical_quote_candidate,QCN-03752F0D04C4,,0,,not_scanned_duplicate_public_label,,,Duplicate public source label; public package avoids repeating verbatim candidate excerpts.,not_human_verified,Use the canonical quote candidate only as a selection cue until a human verifies exact wording and citation location.
QCN-B6036276F194,SCN-B6036276F194,Russia's Security Policy under Putin Aglaya Snetkov,Russia's Security Policy under Putin - Aglaya Snetkov.epub,candidate_short_excerpt_selected,QCN-B6036276F194,Chechnya: a growing international player under President Kadyrov The increasing localization and decentralization within Russia's domestic policy and...,18,epub-item-18,scanned,epub_24_html_items,zip-html,Machine-selected by overlap with source/application terms; overlap terms: 8; score: 92.0.,not_human_verified,"Candidate excerpt is a selection cue, not a release-ready quotation, until exact wording, page or location, and context are human verified."
QCN-1204D55B5F3B,SCN-1204D55B5F3B,Russian Energy Policy and Military Power Putin's quest for greatness Pavel K. Baev,Russian Energy Policy and Military Power - Putin's quest for greatness - Pavel K. Baev.epub,candidate_short_excerpt_selected,QCN-1204D55B5F3B,Report book quality issue See all reported book quality issues Begin Content Russian Energy Policy and Military Power...,18,epub-item-17,scanned,epub_27_html_items,zip-html,Machine-selected by overlap with source/application terms; overlap terms: 9; score: 100.0.,not_human_verified,"Candidate excerpt is a selection cue, not a release-ready quotation, until exact wording, page or location, and context are human verified."
QCN-2E7FC8BAE7E5,SCN-2E7FC8BAE7E5,Russian Grand Strategy: Rhetoric and Reality,Russian Grand Strategy Rhetoric and Reality - Samuel Charap et al.pdf,candidate_short_excerpt_selected,QCN-2E7FC8BAE7E5,40 Russian Grand Strategy: Rhetoric and Reality Force Size Comparing the authorized strength of active-duty military billets with...,18,p.64,scanned,first_80_pages,PyMuPDF,Machine-selected by overlap with source/application terms; overlap terms: 8; score: 92.0.,not_human_verified,"Candidate excerpt is a selection cue, not a release-ready quotation, until exact wording, page or location, and context are human verified."
QCN-F7CF70E4751C,SCN-F7CF70E4751C,"Safeguarding Democratic Capitalism U.S. Foreign Policy and National Security, 1920 2015 Melvyn P. Leffler","Safeguarding Democratic Capitalism U.S. Foreign Policy and National Security, 1920 - 2015 - Melvyn P. Leffler.pdf",candidate_short_excerpt_selected,QCN-F7CF70E4751C,"HOOVer aND amerIcaN fOreIgN POlIcy 67 In general, then, Hoover's approach to foreign policy in the New Era...",18,p.77,scanned,first_80_pages,PyMuPDF,Machine-selected by overlap with source/application terms; overlap terms: 6; score: 76.0.,not_human_verified,"Candidate excerpt is a selection cue, not a release-ready quotation, until exact wording, page or location, and context are human verified."
QCN-88F9D66C25B1,SCN-88F9D66C25B1,Spies: The Rise and Fall of the KGB in America,Spies The Rise and Fall of the KGB in America - John Earl Haynes; Harvey Klehr; Alexander Vassiliev.pdf,candidate_short_excerpt_selected,QCN-88F9D66C25B1,The Venona material not only provided abundant evidence of the espionage activities of more than a hundred Americans...,18,p.13,scanned,first_80_pages,PyMuPDF,Machine-selected by overlap with source/application terms; overlap terms: 6; score: 76.0.,not_human_verified,"Candidate excerpt is a selection cue, not a release-ready quotation, until exact wording, page or location, and context are human verified."
QCN-CF5FE54AF1B0,SCN-CF5FE54AF1B0,"Statebuilding and Counterinsurgency in Oman Political, Military and Diplomatic Relations at the End of Empire James Worrall","Statebuilding and Counterinsurgency in Oman Political, Military and Diplomatic Relations at the End of Empire - James Worrall.pdf",candidate_short_excerpt_selected,QCN-CF5FE54AF1B0,"STATEBUILDING AND COUNTERINSURGENCY IN OMAN Political, Military and Diplomatic Relations at the End of Empire James Worrall",17,p.5,scanned,first_80_pages,PyMuPDF,Machine-selected by overlap with source/application terms; overlap terms: 10; score: 97.0.,not_human_verified,"Candidate excerpt is a selection cue, not a release-ready quotation, until exact wording, page or location, and context are human verified."
QCN-89768E8F89BB,SCN-89768E8F89BB,"Storm-333: KGB and Spetsnaz Seize Kabul, Soviet-Afghan War 1979","Storm - 333 KGB and Spetsnaz Seize Kabul, Soviet - Afghan War 1979 - Mark Galeotti.pdf",candidate_short_excerpt_selected,QCN-89768E8F89BB,"Thus, on 17 December, the Muslim Battalion was redeployed from Bagram to provide additional security for the Dar-ul...",18,p.31,scanned,first_80_pages,PyMuPDF,Machine-selected by overlap with source/application terms; overlap terms: 6; score: 76.0.,not_human_verified,"Candidate excerpt is a selection cue, not a release-ready quotation, until exact wording, page or location, and context are human verified."
QCN-FAE3BCA7DFB9,SCN-FAE3BCA7DFB9,The Cossacks and Religion in Early Modern Ukraine,The Cossacks and Religion in Early Modern Ukraine - Serhii Plokhy.pdf,candidate_short_excerpt_selected,QCN-FAE3BCA7DFB9,"On the spread of Counter-Reformation ideas in the Com - monwealth, see Jerzy K ¢ oczowski, ' Catholic Reform in the...",18,p.76,scanned,first_80_pages,PyMuPDF,Machine-selected by overlap with source/application terms; overlap terms: 6; score: 76.0.,not_human_verified,"Candidate excerpt is a selection cue, not a release-ready quotation, until exact wording, page or location, and context are human verified."
QCN-7055C2B99F7E,SCN-7055C2B99F7E,The Guatemalan Military Project: A Violence Called Democracy,The Guatemalan Military Project A Violence Called Democracy - Jennifer Schirmer.pdf,candidate_short_excerpt_selected,QCN-7055C2B99F7E,This concept of integrating security and develop - ment will play a major role in General Gramajo's formulation of...,18,p.43,scanned,first_80_pages,PyMuPDF,Machine-selected by overlap with source/application terms; overlap terms: 5; score: 68.0.,not_human_verified,"Candidate excerpt is a selection cue, not a release-ready quotation, until exact wording, page or location, and context are human verified."
QCN-76BA3E41C3E7,SCN-76BA3E41C3E7,The Handbook of Communication Skills,The Handbook of Communication Skills - Owen Hargie.pdf,candidate_short_excerpt_selected,QCN-76BA3E41C3E7,"In particu - lar, it examines the central processes involved in the implementation of skilled behaviour, and evaluates the...",18,p.54,scanned,first_80_pages,PyMuPDF,Machine-selected by overlap with source/application terms; overlap terms: 7; score: 84.0.,not_human_verified,"Candidate excerpt is a selection cue, not a release-ready quotation, until exact wording, page or location, and context are human verified."
QCN-6056F8E036DA,SCN-6056F8E036DA,The Nutritional Hierarchy of Importance Nutrient Timing PDOC,The Nutritional Hierarchy of Importance Nutrient Timing PDOC.pdf,candidate_short_excerpt_selected,QCN-6056F8E036DA,7 / 11 / 2018 The Nutritional Hierarchy of Importance - # 4 Nutrient Timing https: / / rippedbody. com / nutrient-timing / 29 / 38 So...,18,p.29,scanned,first_38_pages,PyMuPDF,Machine-selected by overlap with source/application terms; overlap terms: 8; score: 72.0.,not_human_verified,"Candidate excerpt is a selection cue, not a release-ready quotation, until exact wording, page or location, and context are human verified."
QCN-04AED0A0370C,SCN-04AED0A0370C,The Oxford Companion to Classical Civilization,The Oxford Companion to Classical Civilization - Simon Hornblower et al.pdf,candidate_short_excerpt_selected,QCN-04AED0A0370C,"We have not, however, shortened individual entries in any other way ( except that we have retained only the...",18,p.30,scanned,first_80_pages,PyMuPDF,Machine-selected by overlap with source/application terms; overlap terms: 5; score: 68.0.,not_human_verified,"Candidate excerpt is a selection cue, not a release-ready quotation, until exact wording, page or location, and context are human verified."
QCN-674C8F483621,SCN-674C8F483621,The Oxford Guide to Etymology,The Oxford Guide to Etymology - Philip Durkin.pdf,candidate_short_excerpt_selected,QCN-674C8F483621,"A sound change of this sort is called a merger: the phonetic development of * ə ̯, * o, and * a in...",18,p.41,scanned,first_80_pages,PyMuPDF,Machine-selected by overlap with source/application terms; overlap terms: 5; score: 68.0.,not_human_verified,"Candidate excerpt is a selection cue, not a release-ready quotation, until exact wording, page or location, and context are human verified."
QCN-7B17C5BB934B,SCN-7B17C5BB934B,The Oxford Handbook of Creative Industries,Artificial Intelligence in Creative Industries - Psychological and Social Implications - Caterina Moruzzi.epub,candidate_short_excerpt_selected,QCN-7B17C5BB934B,"5. 1 Introduction: Aesthetics, Power, and GenAI Image Models In 2021, generative artificial intelligence ( genAI ) image models, diffusion...",18,epub-item-16,scanned,epub_28_html_items,zip-html,Machine-selected by overlap with source/application terms; overlap terms: 6; score: 75.0.,not_human_verified,"Candidate excerpt is a selection cue, not a release-ready quotation, until exact wording, page or location, and context are human verified."
QCN-8094B822FB5B,SCN-8094B822FB5B,The Oxford Handbook of Critical Management Studies,The Oxford Handbook of Critical Management Studies - Mats Alvesson et al.pdf,candidate_short_excerpt_selected,QCN-8094B822FB5B,Print Publication Date: Jan 2011 Subject: Business and Management Online Publication Date: Sep 2009 List of Figures The...,18,p.4,scanned,first_80_pages,PyMuPDF,Machine-selected by overlap with source/application terms; overlap terms: 7; score: 84.0.,not_human_verified,"Candidate excerpt is a selection cue, not a release-ready quotation, until exact wording, page or location, and context are human verified."
QCN-1B5523B6414B,SCN-1B5523B6414B,The Oxford Handbook of Cyberpsychology,The Oxford Handbook of Cyberpsychology - Alison Attrill - Smith et al.pdf,candidate_short_excerpt_selected,QCN-1B5523B6414B,"Following on from this, Dr Joanne Lloyd, Dr Alison Attrill-Smith, and Dr Chris Fullwood, University of Wolverhampton's Cyberpsychology...",18,p.19,scanned,first_80_pages,PyMuPDF,Machine-selected by overlap with source/application terms; overlap terms: 7; score: 84.0.,not_human_verified,"Candidate excerpt is a selection cue, not a release-ready quotation, until exact wording, page or location, and context are human verified."
QCN-3D751D268BFB,SCN-3D751D268BFB,The Oxford Handbook of Ethics of AI,The Oxford Handbook of Ethics of AI - Markus Dirk Dubber et al.pdf,candidate_short_excerpt_selected,QCN-3D751D268BFB,"CONCEPTS AND ISSUES We're Missing a Moral Framework of Justice in Artificial Intelligence: On the Limits, Failings, and...",18,p.7,scanned,first_80_pages,PyMuPDF,Machine-selected by overlap with source/application terms; overlap terms: 5; score: 68.0.,not_human_verified,"Candidate excerpt is a selection cue, not a release-ready quotation, until exact wording, page or location, and context are human verified."
QCN-E1A46A33DCD8,SCN-E1A46A33DCD8,The Oxford Handbook of Governance and Limited Statehood Thomas Risse et al,The Oxford Handbook of Governance and Limited Statehood - Thomas Risse et al.pdf,candidate_short_excerpt_selected,QCN-E1A46A33DCD8,"Thomas Risse is professor of international politics at the Otto Suhr Institute of Political Science, Freie Universit ä t...",18,p.18,scanned,first_80_pages,PyMuPDF,Machine-selected by overlap with source/application terms; overlap terms: 8; score: 92.0.,not_human_verified,"Candidate excerpt is a selection cue, not a release-ready quotation, until exact wording, page or location, and context are human verified."
QCN-483CDA336DC0,SCN-483CDA336DC0,The Oxford Handbook of Political Methodology,The Oxford Handbook of Political Methodology - Janet M. Box - Steffensmeier et al.pdf,no_quote_candidate_selected,,,0,,scanned,first_80_pages,PyMuPDF,"No short, clean, source-relevant sentence met the automatic candidate standard.",not_human_verified,Requires manual close reading before quotation or page-specific citation.
QCN-4360BC243112,SCN-4360BC243112,The Oxford Handbook of Qualitative Research,The Oxford Handbook of Qualitative Research - Patricia Leavy.pdf,candidate_short_excerpt_selected,QCN-4360BC243112,32 Historical Overview of Qualitative Research in the Social Sciences indication that qualitative researchers have no rea - son...,18,p.57,scanned,first_80_pages,PyMuPDF,Machine-selected by overlap with source/application terms; overlap terms: 7; score: 84.0.,not_human_verified,"Candidate excerpt is a selection cue, not a release-ready quotation, until exact wording, page or location, and context are human verified."
QCN-00464900020B,SCN-00464900020B,The Oxford Handbook of Sociolinguistics,The Oxford Handbook of Sociolinguistics - Robert Bayley et al.pdf,candidate_short_excerpt_selected,QCN-00464900020B,"Conclusion Research in the variationist tradition has enabled us to obtain numerous insights into linguistic structure, the social...",18,p.55,scanned,first_80_pages,PyMuPDF,Machine-selected by overlap with source/application terms; overlap terms: 6; score: 76.0.,not_human_verified,"Candidate excerpt is a selection cue, not a release-ready quotation, until exact wording, page or location, and context are human verified."
QCN-737A2F6D4355,SCN-737A2F6D4355,"The Oxford Handbook of Work Engagement, Motivation, and Self-Determination Theory","The Oxford Handbook of Work Engagement, Motivation, and Self - Determination Theory - Marylène Gagné.pdf",candidate_short_excerpt_selected,QCN-737A2F6D4355,4 The History of Self-Determination Theory in Psychology and Management of motivation ( intrinsic motivation and identified regulation ) yield...,18,p.21,scanned,first_80_pages,PyMuPDF,Machine-selected by overlap with source/application terms; overlap terms: 6; score: 76.0.,not_human_verified,"Candidate excerpt is a selection cue, not a release-ready quotation, until exact wording, page or location, and context are human verified."
QCN-D8A3B8E586D5,SCN-D8A3B8E586D5,The Oxford Handbook on Atrocity Crimes,The Oxford Handbook on Atrocity Crimes - Barbora Holá et al.pdf,candidate_short_excerpt_selected,QCN-D8A3B8E586D5,"1 ), "" the term ' atrocity crimes ' refers to three legally defined international crimes: genocide, crimes against humanity and war...",18,p.26,scanned,first_80_pages,PyMuPDF,Machine-selected by overlap with source/application terms; overlap terms: 6; score: 76.0.,not_human_verified,"Candidate excerpt is a selection cue, not a release-ready quotation, until exact wording, page or location, and context are human verified."
QCN-502A0D2FFA81,SCN-502A0D2FFA81,The Palgrave Handbook of Animals and Literature,The Palgrave Handbook of Animals and Literature - Susan McHugh et al.pdf,candidate_short_excerpt_selected,QCN-502A0D2FFA81,One significant aim of this handbook is to document and analyse the meaningful presence of animals and human-animal...,18,p.40,scanned,first_80_pages,PyMuPDF,Machine-selected by overlap with source/application terms; overlap terms: 7; score: 84.0.,not_human_verified,"Candidate excerpt is a selection cue, not a release-ready quotation, until exact wording, page or location, and context are human verified."
QCN-D0B6513DB4BA,SCN-D0B6513DB4BA,The Palgrave Handbook of Malicious Use of AI and Psychological Security,The Palgrave Handbook of Malicious Use of AI and Psychological Security - Evgeny Pashentsev.pdf,candidate_short_excerpt_selected,QCN-D0B6513DB4BA,"Chapter 16, "" Current and Potential Malicious Use of Artificial Intelligence Threats in the Psychological Domain: The Case of...",18,p.38,scanned,first_80_pages,PyMuPDF,Machine-selected by overlap with source/application terms; overlap terms: 8; score: 92.0.,not_human_verified,"Candidate excerpt is a selection cue, not a release-ready quotation, until exact wording, page or location, and context are human verified."
QCN-6884ACE1ED7E,SCN-6884ACE1ED7E,The Promise of Reason: Studies in the New Rhetoric,The Promise of Reason Studies in the New Rhetoric - Noemi Perelman Mattis.pdf,candidate_short_excerpt_selected,QCN-6884ACE1ED7E,"Instead of devising a formalist account of the workings of argumentation, Perelman and Olbrechts-Tyteca studied arguments in use...",18,p.34,scanned,first_80_pages,PyMuPDF,Machine-selected by overlap with source/application terms; overlap terms: 6; score: 76.0.,not_human_verified,"Candidate excerpt is a selection cue, not a release-ready quotation, until exact wording, page or location, and context are human verified."
QCN-B7F00B121975,SCN-B7F00B121975,The Putin Interviews,The Putin Interviews - Robert Scheer.pdf,candidate_short_excerpt_selected,QCN-B7F00B121975,"VP: You see, our openness to all our partners-including towards the United States-after the disintegration of the Soviet...",18,p.44,scanned,first_80_pages,PyMuPDF,Machine-selected by overlap with source/application terms; overlap terms: 6; score: 76.0.,not_human_verified,"Candidate excerpt is a selection cue, not a release-ready quotation, until exact wording, page or location, and context are human verified."
QCN-5786CD3D712F,SCN-5786CD3D712F,"The Routledge Handbook of Anti Corruption Research and Practice Joseph Pozsgai Alvarez, Roxana Bratu","The Routledge Handbook of Anti - Corruption Research and Practice - Joseph Pozsgai - Alvarez, Roxana Bratu.epub",candidate_short_excerpt_selected,QCN-5786CD3D712F,Title Page The Routledge Handbook of Anti-Corruption Research and Practice Edited by Joseph Pozsgai-Alvarez and Roxana Bratu,17,epub-item-61,scanned,epub_61_html_items,zip-html,Machine-selected by overlap with source/application terms; overlap terms: 10; score: 97.0.,not_human_verified,"Candidate excerpt is a selection cue, not a release-ready quotation, until exact wording, page or location, and context are human verified."
QCN-3B413BB54B19,SCN-3B413BB54B19,The Routledge Handbook of European Security Law and Policy Elena Conde et al,The Routledge Handbook of European Security Law and Policy - Elena Conde et al.pdf,candidate_short_excerpt_selected,QCN-3B413BB54B19,"The European agenda on security 25 71 Anna Saarela, A New Era in EU - ­ China Relations: More Wide - ­...",18,p.40,scanned,first_80_pages,PyMuPDF,Machine-selected by overlap with source/application terms; overlap terms: 6; score: 76.0.,not_human_verified,"Candidate excerpt is a selection cue, not a release-ready quotation, until exact wording, page or location, and context are human verified."
QCN-7C6638A0D0E4,SCN-7C6638A0D0E4,The Routledge Handbook of European Security Law and Policy Elena Conde et al (2),The Routledge Handbook of European Security Law and Policy - Elena Conde et al (2).pdf,candidate_short_excerpt_selected,QCN-7C6638A0D0E4,"The European agenda on security 25 71 Anna Saarela, A New Era in EU - ­ China Relations: More Wide - ­...",18,p.40,scanned,first_80_pages,PyMuPDF,Machine-selected by overlap with source/application terms; overlap terms: 6; score: 76.0.,not_human_verified,"Candidate excerpt is a selection cue, not a release-ready quotation, until exact wording, page or location, and context are human verified."
QCN-E362001EEC00,SCN-E362001EEC00,The Routledge Handbook of Gender and Security,The Routledge Handbook of Gender and Security - Caron E. Gentry et al.pdf,candidate_short_excerpt_selected,QCN-E362001EEC00,"Feminist scholarship in Security Studies and beyond has engaged extensively with the politics, and political utility, of gender...",18,p.28,scanned,first_80_pages,PyMuPDF,Machine-selected by overlap with source/application terms; overlap terms: 8; score: 92.0.,not_human_verified,"Candidate excerpt is a selection cue, not a release-ready quotation, until exact wording, page or location, and context are human verified."
QCN-B7EC22E7EBDE,SCN-B7EC22E7EBDE,The SAGE Handbook of Research Methods in Political Science and International Relations,The SAGE Handbook of Research Methods in Political Science and International Relations - Luigi Curini et al.pdf,candidate_short_excerpt_selected,QCN-B7EC22E7EBDE,"THE SAGE HANDBOOK OF RESEARCH METHODS IN POLITICAL SCIENCE AND IR xxii Science, Journal of Politics, International Organization...",18,p.23,scanned,first_80_pages,PyMuPDF,Machine-selected by overlap with source/application terms; overlap terms: 7; score: 84.0.,not_human_verified,"Candidate excerpt is a selection cue, not a release-ready quotation, until exact wording, page or location, and context are human verified."
QCN-AC3F3EA5DA18,SCN-AC3F3EA5DA18,The SAGE Handbook of Research Methods in Political Science and International Relations Luigi Curini et al,The SAGE Handbook of Research Methods in Political Science and International Relations - Luigi Curini et al.pdf,duplicate_source_uses_canonical_quote_candidate,QCN-B7EC22E7EBDE,,0,,not_scanned_duplicate_public_label,,,Duplicate public source label; public package avoids repeating verbatim candidate excerpts.,not_human_verified,Use the canonical quote candidate only as a selection cue until a human verifies exact wording and citation location.
QCN-F05B47DA4DF8,SCN-F05B47DA4DF8,"Ursula K. Le Guin's ""A Wizard of Earthsea"": A Critical Companion",OceanofPDF.com Ursula K Le Guins A Wizard of Earthsea - Timothy S Miller PDOC.pdf,candidate_short_excerpt_selected,QCN-F05B47DA4DF8,"Le Guin • Young adult literature • Genre fiction 1 1 See Kerridge, "" The Fantasy that Inspired David Mitchell, "" and...",18,p.13,scanned,first_80_pages,PyMuPDF,Machine-selected by overlap with source/application terms; overlap terms: 6; score: 76.0.,not_human_verified,"Candidate excerpt is a selection cue, not a release-ready quotation, until exact wording, page or location, and context are human verified."
QCN-AA05DEE4D96D,SCN-AA05DEE4D96D,War Changes Everything: Russia After Ukraine,War changes everything Russia after Ukraine - NATO Defense College Research Division - Edited by Marc Ozawa.pdf,candidate_short_excerpt_selected,QCN-AA05DEE4D96D,"There are several concerns, connected with the character of Russian nuclear policy, which makes the use of nuclear...",18,p.39,scanned,first_80_pages,PyMuPDF,Machine-selected by overlap with source/application terms; overlap terms: 6; score: 76.0.,not_human_verified,"Candidate excerpt is a selection cue, not a release-ready quotation, until exact wording, page or location, and context are human verified."
QCN-3C706A0005AE,SCN-3C706A0005AE,War changes everything Russia after Ukraine NATO Defense College Research Division Edited by Marc Ozawa,War changes everything Russia after Ukraine - NATO Defense College Research Division - Edited by Marc Ozawa.pdf,duplicate_source_uses_canonical_quote_candidate,QCN-AA05DEE4D96D,,0,,not_scanned_duplicate_public_label,,,Duplicate public source label; public package avoids repeating verbatim candidate excerpts.,not_human_verified,Use the canonical quote candidate only as a selection cue until a human verifies exact wording and citation location.
QCN-C1F0A405E79D,SCN-C1F0A405E79D,"Wartime Captivity in the 20th Century Archives, Stories, Memories Anne Marie Pathé et al","Wartime Captivity in the 20th Century Archives, Stories, Memories - Anne - Marie Pathé et al.pdf",candidate_short_excerpt_selected,QCN-C1F0A405E79D,"Title: Wartime captivity in the twentieth century: archives, stories, memories / edited by Anne-Marie Pathe and Fabien Theofilakis, translation...",18,p.4,scanned,first_80_pages,PyMuPDF,Machine-selected by overlap with source/application terms; overlap terms: 9; score: 93.0.,not_human_verified,"Candidate excerpt is a selection cue, not a release-ready quotation, until exact wording, page or location, and context are human verified."
QCN-812F7420A06C,SCN-812F7420A06C,the routledge handbook of european security law and policy 9781138609990 9780429465918 compress,the - routledge - handbook - of - european - security - law - and - policy - 9781138609990 - 9780429465918 compress.pdf,candidate_short_excerpt_selected,QCN-812F7420A06C,"The European agenda on security 25 71 Anna Saarela, A New Era in EU - ­ China Relations: More Wide - ­...",18,p.40,scanned,first_80_pages,PyMuPDF,Machine-selected by overlap with source/application terms; overlap terms: 6; score: 76.0.,not_human_verified,"Candidate excerpt is a selection cue, not a release-ready quotation, until exact wording, page or location, and context are human verified."
