project_id,product_name,project_kind,build_mode,instrument_count,acceptance_test_count,package_operational_slice_built,full_underlying_system_complete,engine_href,runner_href
master-bundle-atlas,Master Bundle Packet Promotion Atlas,method atlas / taxonomy,source governance build,6,4,yes,no,project_engines/master-bundle-atlas/engine_spec.json,runner.html?project=master-bundle-atlas
native-poison-rag,Retrieval Integrity And Poison-RAG Evaluation Harness,retrieval security / evaluation harness,software or application build,7,4,yes,no,project_engines/native-poison-rag/engine_spec.json,runner.html?project=native-poison-rag
poison-rag-defense-annex,Adversarial Evidence Corruption Technical Annex Harness,retrieval security / evaluation harness,governed project build,6,3,yes,no,project_engines/poison-rag-defense-annex/engine_spec.json,runner.html?project=poison-rag-defense-annex
russia-desk,Russia Source-To-Judgment Desk,analysis method / workstation,software or application build,7,3,yes,no,project_engines/russia-desk/engine_spec.json,runner.html?project=russia-desk
trilogy,Book Trilogy Manuscript Governance System,book / manuscript system,manuscript and publication system,7,5,yes,no,project_engines/trilogy/engine_spec.json,runner.html?project=trilogy
analytical-methods,Structured Analytic Technique Studio,analysis method / workstation,software or application build,6,4,yes,no,project_engines/analytical-methods/engine_spec.json,runner.html?project=analytical-methods
native-capstone-quantitative,Quantitative Capstone Workbench,future quantitative experiment apparatus,research publication build,4,3,yes,no,project_engines/native-capstone-quantitative/engine_spec.json,runner.html?project=native-capstone-quantitative
native-magnum-opus,Magnum Opus Scholarly Retrieval And Warrant System,retrieval / evidence software,software or application build,7,5,yes,no,project_engines/native-magnum-opus/engine_spec.json,runner.html?project=native-magnum-opus
row10,Structured Human-AI Analyst Workstation,human-AI analysis workstation,software or application build,6,4,yes,no,project_engines/row10/engine_spec.json,runner.html?project=row10
algorithmic-active-measures,Algorithmic Active Measures - data poisoning as counterintelligence tradecraft in AI-mediated intelligence analysis,structured analysis room,analytic instrument build,4,4,yes,no,project_engines/algorithmic-active-measures/engine_spec.json,runner.html?project=algorithmic-active-measures
native-murano,MuranoOS Research Operating Environment,software operating environment,software or application build,7,4,yes,no,project_engines/native-murano/engine_spec.json,runner.html?project=native-murano
row7,Nexus Research Pipeline,research workflow software,software or application build,7,5,yes,no,project_engines/row7/engine_spec.json,runner.html?project=row7
mb-ci-career-conversation-handoff-done,Conversation capture with structured JSON handoff,master-bundle artifact / archive router,source governance build,4,4,yes,no,project_engines/mb-ci-career-conversation-handoff-done/engine_spec.json,runner.html?project=mb-ci-career-conversation-handoff-done
mb-cia-russian-ci-handoff-packet,Credential stack + 90-day plan + Competency Tracker CSV,master-bundle artifact / archive router,source governance build,4,4,yes,no,project_engines/mb-cia-russian-ci-handoff-packet/engine_spec.json,runner.html?project=mb-cia-russian-ci-handoff-packet
mb-nik-handoff-v1,72-month master plan + Russian-language 12-month CSV + SF-86 prep,master-bundle artifact / archive router,source governance build,4,4,yes,no,project_engines/mb-nik-handoff-v1/engine_spec.json,runner.html?project=mb-nik-handoff-v1
mb-russia-intelligence-analysis-final-handoff,3-page Russia integrated-strategy assessment (V1-V4 convergence),master-bundle artifact / archive router,source governance build,4,4,yes,no,project_engines/mb-russia-intelligence-analysis-final-handoff/engine_spec.json,runner.html?project=mb-russia-intelligence-analysis-final-handoff
mb-russian-reference-handoff-final,100-item ranked bibliography with verification levels A/B/C x core/extended,master-bundle artifact / archive router,source governance build,4,4,yes,no,project_engines/mb-russian-reference-handoff-final/engine_spec.json,runner.html?project=mb-russian-reference-handoff-final
mb-visible-chat-handoff-package,Russian-studies bibliography + reflexive meta-analysis session,master-bundle artifact / archive router,source governance build,4,4,yes,no,project_engines/mb-visible-chat-handoff-package/engine_spec.json,runner.html?project=mb-visible-chat-handoff-package
native-aishared-instruments,AI Shared Instruments,AI assurance / analysis room,analytic instrument build,4,3,yes,no,project_engines/native-aishared-instruments/engine_spec.json,runner.html?project=native-aishared-instruments
native-berlin,Berlin Occupation Zones and Refugee Crisis,retrieval / evidence software,software or application build,4,4,yes,no,project_engines/native-berlin/engine_spec.json,runner.html?project=native-berlin
native-cicc,ICC Complementarity Case Room,historical / policy case room,source governance build,4,3,yes,no,project_engines/native-cicc/engine_spec.json,runner.html?project=native-cicc
native-crusades,Crusades and Mediterranean Order,historical / policy case room,source governance build,4,3,yes,no,project_engines/native-crusades/engine_spec.json,runner.html?project=native-crusades
native-peace,Track II Diplomacy and Peacebuilding,historical / policy case room,source governance build,4,3,yes,no,project_engines/native-peace/engine_spec.json,runner.html?project=native-peace
native-war-theory,War Theory and Strategic Culture,historical / policy case room,source governance build,4,3,yes,no,project_engines/native-war-theory/engine_spec.json,runner.html?project=native-war-theory
row5,Defense Doctrine - defensive retrieval governance laboratory (claim-limit discipline),retrieval / evidence software,software or application build,4,4,yes,no,project_engines/row5/engine_spec.json,runner.html?project=row5
row6,Scholarly Retrieval System - cross-disciplinary research library with a twelve-stage analytical-governance plane,retrieval / evidence software,software or application build,4,4,yes,no,project_engines/row6/engine_spec.json,runner.html?project=row6
applied-history,Applied History - lab for using historical case study to inform contemporary policy,research workflow software,software or application build,4,4,yes,no,project_engines/applied-history/engine_spec.json,runner.html?project=applied-history
native-aigov-nav,AI Governance Navigator,navigation / governance instrument,analytic instrument build,4,3,yes,no,project_engines/native-aigov-nav/engine_spec.json,runner.html?project=native-aigov-nav
native-aiintel-cycle,AI Intelligence Cycle,AI assurance / analysis room,source governance build,4,3,yes,no,project_engines/native-aiintel-cycle/engine_spec.json,runner.html?project=native-aiintel-cycle
native-aiknowledge-prod,AI Knowledge Production,AI assurance / analysis room,source governance build,4,3,yes,no,project_engines/native-aiknowledge-prod/engine_spec.json,runner.html?project=native-aiknowledge-prod
native-aiprompt-eng,AI Prompt Engineering,AI assurance / analysis room,software or application build,4,3,yes,no,project_engines/native-aiprompt-eng/engine_spec.json,runner.html?project=native-aiprompt-eng
native-analyst-assurance-desk,Analyst Assurance Desk,analysis method / workstation,software or application build,4,4,yes,no,project_engines/native-analyst-assurance-desk/engine_spec.json,runner.html?project=native-analyst-assurance-desk
native-russia,Russia,research workflow software,software or application build,4,4,yes,no,project_engines/native-russia/engine_spec.json,runner.html?project=native-russia
native-russia-history-room,Russia Historical Context Room,research workflow software,software or application build,4,4,yes,no,project_engines/native-russia-history-room/engine_spec.json,runner.html?project=native-russia-history-room
row1,Quantitative Capstone - quantitative arm of the AI-corruption capstone study,research study,research publication build,4,3,yes,no,project_engines/row1/engine_spec.json,runner.html?project=row1
cognitive-warfare,"Cognitive Warfare - counter-intelligence doctrine, operationalized into analytical instruments",research workflow software,software or application build,4,4,yes,no,project_engines/cognitive-warfare/engine_spec.json,runner.html?project=cognitive-warfare
ir-lexicon,IR Lexicon - coined-term lexicon for modern foreign-affairs discourse,research workflow software,software or application build,4,4,yes,no,project_engines/ir-lexicon/engine_spec.json,runner.html?project=ir-lexicon
mb-murano-mashup-room-handoff-v1,Mashup Intelligence Room,master-bundle artifact / archive router,software or application build,4,4,yes,no,project_engines/mb-murano-mashup-room-handoff-v1/engine_spec.json,runner.html?project=mb-murano-mashup-room-handoff-v1
native-africa,Colonial Encounter in Africa,research workflow software,software or application build,4,4,yes,no,project_engines/native-africa/engine_spec.json,runner.html?project=native-africa
native-east-asia,East Asian War and Strategic Tradition,research workflow software,software or application build,4,4,yes,no,project_engines/native-east-asia/engine_spec.json,runner.html?project=native-east-asia
native-mideast,Ottoman Palestine and Early Zionism,research workflow software,software or application build,4,4,yes,no,project_engines/native-mideast/engine_spec.json,runner.html?project=native-mideast
native-mongol,Mongol Empire Military Systems,research workflow software,software or application build,4,4,yes,no,project_engines/native-mongol/engine_spec.json,runner.html?project=native-mongol
native-western,Western Political Thought and the Ideal State,research workflow software,software or application build,4,4,yes,no,project_engines/native-western/engine_spec.json,runner.html?project=native-western
mb-muranoos-red-team-proper-handoff-archive-2026-04-11,Only one with 99_Preserved_Source_Archives/ + CURRENT_TRUTH_AT_A_GLANCE.md,master-bundle artifact / archive router,software or application build,4,4,yes,no,project_engines/mb-muranoos-red-team-proper-handoff-archive-2026-04-11/engine_spec.json,runner.html?project=mb-muranoos-red-team-proper-handoff-archive-2026-04-11
mb-russia-security-handoff-packet-done,CARE framework gray-zone counter-strategy + red-team critique,master-bundle artifact / archive router,source governance build,4,4,yes,no,project_engines/mb-russia-security-handoff-packet-done/engine_spec.json,runner.html?project=mb-russia-security-handoff-packet-done
decision-advantage-system,Decision Advantage System - operating architecture for intelligence and security organizations,software operating environment,software or application build,4,4,yes,no,project_engines/decision-advantage-system/engine_spec.json,runner.html?project=decision-advantage-system
isc-proposals,Counterintelligence Surveillance Framework - Beyond Surveillance Maximalism: a Smart Surveillance Scaling (S3) proposal,policy / governance proposal,research publication build,4,3,yes,no,project_engines/isc-proposals/engine_spec.json,runner.html?project=isc-proposals
mb-redteamlab-proper-handoff-zip-2026-04-14,Cumulative-patch consolidator (4 historical patch packs merged),master-bundle artifact / archive router,source governance build,4,4,yes,no,project_engines/mb-redteamlab-proper-handoff-zip-2026-04-14/engine_spec.json,runner.html?project=mb-redteamlab-proper-handoff-zip-2026-04-14
native-iscproposals,Counterintelligence Surveillance Framework,policy / governance proposal,research publication build,4,3,yes,no,project_engines/native-iscproposals/engine_spec.json,runner.html?project=native-iscproposals
cognitive-firewall-instruments,Cognitive Firewall Instruments - authoring defensive instruments against AI-mediated analytic corruption,research study,research publication build,4,3,yes,no,project_engines/cognitive-firewall-instruments/engine_spec.json,runner.html?project=cognitive-firewall-instruments
critical-functions-observatory,Critical Functions Observatory - defensive UAS / critical-infrastructure research lab,archive / packet router,source governance build,4,4,yes,no,project_engines/critical-functions-observatory/engine_spec.json,runner.html?project=critical-functions-observatory
historical-studies,"Historical Studies - eleven historical and operational case studies, including the manuscript Trilogy",research workflow software,software or application build,4,4,yes,no,project_engines/historical-studies/engine_spec.json,runner.html?project=historical-studies
mb-capstone-handoff-package,Red Cell CI analysis of Russian cognitive deception; 12 COA dossiers,master-bundle artifact / archive router,source governance build,4,4,yes,no,project_engines/mb-capstone-handoff-package/engine_spec.json,runner.html?project=mb-capstone-handoff-package
mb-muranoos-red-team-prism-room-execution-handoff-2026-04-11,"Only one replacing ""Red Team Lab"" framing with ""Murano Prism Room"" world doctrine",master-bundle artifact / archive router,software or application build,4,4,yes,no,project_engines/mb-muranoos-red-team-prism-room-execution-handoff-2026-04-11/engine_spec.json,runner.html?project=mb-muranoos-red-team-prism-room-execution-handoff-2026-04-11
mb-sat-handoff-v1,Canonical SAT dedup: 106 techniques normalized across 11 catalogues,master-bundle artifact / archive router,source governance build,4,4,yes,no,project_engines/mb-sat-handoff-v1/engine_spec.json,runner.html?project=mb-sat-handoff-v1
native-aisatvis,AI Structured Analysis Visualization,AI assurance / analysis room,source governance build,4,3,yes,no,project_engines/native-aisatvis/engine_spec.json,runner.html?project=native-aisatvis
native-amfp,Washington-Jefferson Era Foreign Policy,historical / policy case room,source governance build,4,3,yes,no,project_engines/native-amfp/engine_spec.json,runner.html?project=native-amfp
native-capstone-defense,Cognitive Firewalls Capstone Defense,capstone defense / research presentation,research publication build,4,3,yes,no,project_engines/native-capstone-defense/engine_spec.json,runner.html?project=native-capstone-defense
native-capstone-defense-noland,Cognitive Firewalls Defense Room,research study,research publication build,4,3,yes,no,project_engines/native-capstone-defense-noland/engine_spec.json,runner.html?project=native-capstone-defense-noland
native-trilogy-showcase,Book Trilogy Showcase,book / manuscript system,manuscript and publication system,4,4,yes,no,project_engines/native-trilogy-showcase/engine_spec.json,runner.html?project=native-trilogy-showcase
native-trilogy-showcase-atlas,Book Trilogy Atlas,method atlas / taxonomy,manuscript and publication system,4,4,yes,no,project_engines/native-trilogy-showcase-atlas/engine_spec.json,runner.html?project=native-trilogy-showcase-atlas
reflexive-control-chamber,Reflexive Control Chamber - Russian reflexive-control & strategic-deception research chamber,domain analysis desk,source governance build,4,3,yes,no,project_engines/reflexive-control-chamber/engine_spec.json,runner.html?project=reflexive-control-chamber
row11,Retrieval Integrity Evaluation - testing Retrieval-Augmented Generation (RAG) against retrieval poisoning and false-source failure,retrieval / evidence software,software or application build,4,4,yes,no,project_engines/row11/engine_spec.json,runner.html?project=row11
row14,Defensive Retrieval Research - future study on retrieval-augmented-generation poisoning,retrieval / evidence software,software or application build,4,4,yes,no,project_engines/row14/engine_spec.json,runner.html?project=row14
row2,AI Rigor Detection - framework that detects performative rigor in AI-generated analysis; publication status is separated from validation status,policy / governance proposal,research publication build,4,3,yes,no,project_engines/row2/engine_spec.json,runner.html?project=row2
structured-analysis-toolkit,Structured Techniques Toolkit - authoring and refinement workspace for disciplined analytic instruments,retrieval / evidence software,software or application build,4,4,yes,no,project_engines/structured-analysis-toolkit/engine_spec.json,runner.html?project=structured-analysis-toolkit
mb-ci-handoff-package,32 interdisciplinary frameworks attributed to specific thinkers,master-bundle artifact / archive router,source governance build,4,4,yes,no,project_engines/mb-ci-handoff-package/engine_spec.json,runner.html?project=mb-ci-handoff-package
mb-cognitive-firewalls-foundry-handoff-v1,Cognitive Firewalls Foundry,master-bundle artifact / archive router,source governance build,4,4,yes,no,project_engines/mb-cognitive-firewalls-foundry-handoff-v1/engine_spec.json,runner.html?project=mb-cognitive-firewalls-foundry-handoff-v1
mb-dialectic-engine-room-pass1-handoff,Dialectic Engine,master-bundle artifact / archive router,software or application build,4,4,yes,no,project_engines/mb-dialectic-engine-room-pass1-handoff/engine_spec.json,runner.html?project=mb-dialectic-engine-room-pass1-handoff
mb-georgetown-technique-registry-master-50-bundle,"50-course Georgetown SSP registry; 7,500+ technique lines; capstone plug tags [SR/EP/IR/SC/G]",master-bundle artifact / archive router,research publication build,4,4,yes,no,project_engines/mb-georgetown-technique-registry-master-50-bundle/engine_spec.json,runner.html?project=mb-georgetown-technique-registry-master-50-bundle
mb-narrative-furnace-handoff-pack-2026-04-14,Narrative Furnace,master-bundle artifact / archive router,source governance build,4,4,yes,no,project_engines/mb-narrative-furnace-handoff-pack-2026-04-14/engine_spec.json,runner.html?project=mb-narrative-furnace-handoff-pack-2026-04-14
native-russia-security-desk,Russia Security Desk,research workflow software,software or application build,4,4,yes,no,project_engines/native-russia-security-desk/engine_spec.json,runner.html?project=native-russia-security-desk
bias-atlas,Bias Atlas - cognitive-bias catalogue grounded in Heuer and Kahneman,method atlas / taxonomy,analytic instrument build,4,3,yes,no,project_engines/bias-atlas/engine_spec.json,runner.html?project=bias-atlas
genocide-lab,Comparative Genocide Lab - comparative analysis of mass political violence across ten canonical dimensions,structured analysis room,analytic instrument build,4,4,yes,no,project_engines/genocide-lab/engine_spec.json,runner.html?project=genocide-lab
mb-ic-analytic-technique-compendium-bundle-v0-1-v1-3,13 snapshot workbooks; 11-phase build scaffold - AI-assisted methods,master-bundle artifact / archive router,manuscript and publication system,4,4,yes,no,project_engines/mb-ic-analytic-technique-compendium-bundle-v0-1-v1-3/engine_spec.json,runner.html?project=mb-ic-analytic-technique-compendium-bundle-v0-1-v1-3
mb-muranoos-red-team-prism-observatory-handoff-package-v1,Doctrinally richest: 13 named subspaces x 10 modes; claim-evidence-confidence governance,master-bundle artifact / archive router,software or application build,4,4,yes,no,project_engines/mb-muranoos-red-team-prism-observatory-handoff-package-v1/engine_spec.json,runner.html?project=mb-muranoos-red-team-prism-observatory-handoff-package-v1
mb-muranoos-red-team-proper-handoff-package-pass-1,Flat structure; 01_GOVERNING_SOURCES/ + flattened live files,master-bundle artifact / archive router,software or application build,4,4,yes,no,project_engines/mb-muranoos-red-team-proper-handoff-package-pass-1/engine_spec.json,runner.html?project=mb-muranoos-red-team-proper-handoff-package-pass-1
mb-redteamlab-packet1-proper-handoff-done,Most implementation-ready: .patch + full files + snapshot + SQL verification + validation,master-bundle artifact / archive router,source governance build,4,4,yes,no,project_engines/mb-redteamlab-packet1-proper-handoff-done/engine_spec.json,runner.html?project=mb-redteamlab-packet1-proper-handoff-done
mb-six-project-hardening-handoff-done-v1,52 MB cross-project governance pack; nested 55 MB original bundle preserved,master-bundle artifact / archive router,source governance build,4,4,yes,no,project_engines/mb-six-project-hardening-handoff-done-v1/engine_spec.json,runner.html?project=mb-six-project-hardening-handoff-done-v1
mb-speechwriting-handoff-packet,"25x25 matrix framework (Warning labels populated, cell content NOT)",master-bundle artifact / archive router,source governance build,4,4,yes,no,project_engines/mb-speechwriting-handoff-packet/engine_spec.json,runner.html?project=mb-speechwriting-handoff-packet
native-aifailure-tax,AI Failure Taxonomy,method atlas / taxonomy,analytic instrument build,4,3,yes,no,project_engines/native-aifailure-tax/engine_spec.json,runner.html?project=native-aifailure-tax
native-aimodel-assess,AI Model Assessment,AI assurance / analysis room,source governance build,4,3,yes,no,project_engines/native-aimodel-assess/engine_spec.json,runner.html?project=native-aimodel-assess
native-aiosintnarr,AI OSINT Narrative Analysis,AI assurance / analysis room,source governance build,4,3,yes,no,project_engines/native-aiosintnarr/engine_spec.json,runner.html?project=native-aiosintnarr
native-hsanalysis,Homeland Security Analysis,structured analysis room,analytic instrument build,4,4,yes,no,project_engines/native-hsanalysis/engine_spec.json,runner.html?project=native-hsanalysis
native-wargaming,Alliance Crisis Wargaming,strategic simulation / planning tool,source governance build,4,3,yes,no,project_engines/native-wargaming/engine_spec.json,runner.html?project=native-wargaming
planning,"Development Process - how projects move from idea to built, reviewed work",public project blueprint,source governance build,4,3,yes,no,project_engines/planning/engine_spec.json,runner.html?project=planning
regional-studies,"Regional Studies - eight place-based analytical pages (Africa, Berlin, East Asia, London, Mideast, Mongol, Russia, Western)",research workflow software,software or application build,4,4,yes,no,project_engines/regional-studies/engine_spec.json,runner.html?project=regional-studies
row3,"AI Extraction Defense - five-layer architecture protecting proprietary AI models from being extracted, copied, or distilled by adversaries",AI assurance / analysis room,source governance build,4,3,yes,no,project_engines/row3/engine_spec.json,runner.html?project=row3
wargaming,Wargaming - theater-level alliance-crisis wargame workbench,strategic simulation / planning tool,source governance build,4,3,yes,no,project_engines/wargaming/engine_spec.json,runner.html?project=wargaming
warrant-chamber,Source & Evidence Review - tracking what supports each claim and what still needs review,software operating environment,software or application build,4,4,yes,no,project_engines/warrant-chamber/engine_spec.json,runner.html?project=warrant-chamber
mb-ukraine-handoff-packet,Three-lane civilian service plan; clearance-risk matrix SAFE/CAUTION/AVOID,master-bundle artifact / archive router,source governance build,4,4,yes,no,project_engines/mb-ukraine-handoff-packet/engine_spec.json,runner.html?project=mb-ukraine-handoff-packet
mb-hearthglass-handoff-v1,HearthGlass,master-bundle artifact / archive router,source governance build,4,4,yes,no,project_engines/mb-hearthglass-handoff-v1/engine_spec.json,runner.html?project=mb-hearthglass-handoff-v1
mb-isc-symposium-command-room-handoff-pass3-done,ISC Symposium Command,master-bundle artifact / archive router,source governance build,4,4,yes,no,project_engines/mb-isc-symposium-command-room-handoff-pass3-done/engine_spec.json,runner.html?project=mb-isc-symposium-command-room-handoff-pass3-done
mb-muranoos-red-team-handoff-hardened-2026-04-15,"Adds Signature Room Architecture (7 zones) + UI/UX Spec (9 objects, 7 engines)",master-bundle artifact / archive router,software or application build,4,4,yes,no,project_engines/mb-muranoos-red-team-handoff-hardened-2026-04-15/engine_spec.json,runner.html?project=mb-muranoos-red-team-handoff-hardened-2026-04-15
mb-muranoos-red-team-handoff-package-v1-2026-04-11,Only one with V1_ROOM_CONSTITUTION.md,master-bundle artifact / archive router,software or application build,4,4,yes,no,project_engines/mb-muranoos-red-team-handoff-package-v1-2026-04-11/engine_spec.json,runner.html?project=mb-muranoos-red-team-handoff-package-v1-2026-04-11
mb-the-interval-chamber-of-refraction-handoff-v1,Interval Chamber of Refraction,master-bundle artifact / archive router,source governance build,4,4,yes,no,project_engines/mb-the-interval-chamber-of-refraction-handoff-v1/engine_spec.json,runner.html?project=mb-the-interval-chamber-of-refraction-handoff-v1
native-london,Colonial Archive Explorer,archive / packet router,source governance build,4,4,yes,no,project_engines/native-london/engine_spec.json,runner.html?project=native-london
analytical-methodology,"Analytical Methodology - eleven discipline pages from a Georgetown Applied Intelligence curriculum, treating each analytical method as its own working surface",research workflow software,software or application build,4,4,yes,no,project_engines/analytical-methodology/engine_spec.json,runner.html?project=analytical-methodology
capstone-orig,Qualitative Capstone - qualitative analysis of analyst response to AI-introduced corruption,structured analysis room,research publication build,4,4,yes,no,project_engines/capstone-orig/engine_spec.json,runner.html?project=capstone-orig
mb-ar-sat-room-handoff-v0-1,AR-SAT Room,master-bundle artifact / archive router,source governance build,4,4,yes,no,project_engines/mb-ar-sat-room-handoff-v0-1/engine_spec.json,runner.html?project=mb-ar-sat-room-handoff-v0-1
mb-cia-do-career-handoff-v1,500-role ranked search universe (250 federal + 250 private),master-bundle artifact / archive router,source governance build,4,4,yes,no,project_engines/mb-cia-do-career-handoff-v1/engine_spec.json,runner.html?project=mb-cia-do-career-handoff-v1
mb-counter-idiom-lab-proper-handoff-done,Counter-Idiom Lab,master-bundle artifact / archive router,source governance build,4,4,yes,no,project_engines/mb-counter-idiom-lab-proper-handoff-done/engine_spec.json,runner.html?project=mb-counter-idiom-lab-proper-handoff-done
mb-foreign-affairs-lexicon-handoff-v1,400 coined IR terms - 30 shortlist - 20 canon - 10 mini-theories,master-bundle artifact / archive router,source governance build,4,4,yes,no,project_engines/mb-foreign-affairs-lexicon-handoff-v1/engine_spec.json,runner.html?project=mb-foreign-affairs-lexicon-handoff-v1
mb-georgetown-ic-handoff-done,Agency-targeting scorecard; 25 citations; FY2024-2026 NIP/MIP figures,master-bundle artifact / archive router,source governance build,4,4,yes,no,project_engines/mb-georgetown-ic-handoff-done/engine_spec.json,runner.html?project=mb-georgetown-ic-handoff-done
mb-gotham-lossless-replacement-archive-2026-04-15,Batman/Gotham 9-tier archive; canon hierarchy + Azrael rule + Issue #1-2 proofs,master-bundle artifact / archive router,source governance build,4,4,yes,no,project_engines/mb-gotham-lossless-replacement-archive-2026-04-15/engine_spec.json,runner.html?project=mb-gotham-lossless-replacement-archive-2026-04-15
mb-ic-analyst-portfolio-handoff-pass1,IC analyst portfolio build kit; skill taxonomy S01-S26,master-bundle artifact / archive router,source governance build,4,4,yes,no,project_engines/mb-ic-analyst-portfolio-handoff-pass1/engine_spec.json,runner.html?project=mb-ic-analyst-portfolio-handoff-pass1
mb-individual-democratic-dialectic-final-handoff-done,IDDD Bibliographic Inventory,master-bundle artifact / archive router,source governance build,4,4,yes,no,project_engines/mb-individual-democratic-dialectic-final-handoff-done/engine_spec.json,runner.html?project=mb-individual-democratic-dialectic-final-handoff-done
mb-internal-operating-support-003,Internal Operating Support Packet 003,master-bundle artifact / archive router,source governance build,4,4,yes,no,project_engines/mb-internal-operating-support-003/engine_spec.json,runner.html?project=mb-internal-operating-support-003
mb-internal-operating-support-004,Internal Operating Support Packet 004,master-bundle artifact / archive router,source governance build,4,4,yes,no,project_engines/mb-internal-operating-support-004/engine_spec.json,runner.html?project=mb-internal-operating-support-004
mb-internal-operating-support-007,Internal Operating Support Packet 007,master-bundle artifact / archive router,source governance build,4,4,yes,no,project_engines/mb-internal-operating-support-007/engine_spec.json,runner.html?project=mb-internal-operating-support-007
mb-internal-operating-support-008,Internal Operating Support Packet 008,master-bundle artifact / archive router,source governance build,4,4,yes,no,project_engines/mb-internal-operating-support-008/engine_spec.json,runner.html?project=mb-internal-operating-support-008
mb-internal-operating-support-011,Internal Operating Support Packet 011,master-bundle artifact / archive router,source governance build,4,4,yes,no,project_engines/mb-internal-operating-support-011/engine_spec.json,runner.html?project=mb-internal-operating-support-011
mb-internal-operating-support-012,Internal Operating Support Packet 012,master-bundle artifact / archive router,source governance build,4,4,yes,no,project_engines/mb-internal-operating-support-012/engine_spec.json,runner.html?project=mb-internal-operating-support-012
mb-internal-operating-support-015,Internal Operating Support Packet 015,master-bundle artifact / archive router,source governance build,4,4,yes,no,project_engines/mb-internal-operating-support-015/engine_spec.json,runner.html?project=mb-internal-operating-support-015
mb-internal-operating-support-016,Internal Operating Support Packet 016,master-bundle artifact / archive router,source governance build,4,4,yes,no,project_engines/mb-internal-operating-support-016/engine_spec.json,runner.html?project=mb-internal-operating-support-016
mb-internal-operating-support-019,Internal Operating Support Packet 019,master-bundle artifact / archive router,source governance build,4,4,yes,no,project_engines/mb-internal-operating-support-019/engine_spec.json,runner.html?project=mb-internal-operating-support-019
mb-internal-operating-support-020,Internal Operating Support Packet 020,master-bundle artifact / archive router,source governance build,4,4,yes,no,project_engines/mb-internal-operating-support-020/engine_spec.json,runner.html?project=mb-internal-operating-support-020
mb-internal-operating-support-023,Internal Operating Support Packet 023,master-bundle artifact / archive router,source governance build,4,4,yes,no,project_engines/mb-internal-operating-support-023/engine_spec.json,runner.html?project=mb-internal-operating-support-023
mb-internal-operating-support-024,Internal Operating Support Packet 024,master-bundle artifact / archive router,source governance build,4,4,yes,no,project_engines/mb-internal-operating-support-024/engine_spec.json,runner.html?project=mb-internal-operating-support-024
mb-internal-operating-support-027,Internal Operating Support Packet 027,master-bundle artifact / archive router,source governance build,4,4,yes,no,project_engines/mb-internal-operating-support-027/engine_spec.json,runner.html?project=mb-internal-operating-support-027
mb-internal-operating-support-028,Internal Operating Support Packet 028,master-bundle artifact / archive router,source governance build,4,4,yes,no,project_engines/mb-internal-operating-support-028/engine_spec.json,runner.html?project=mb-internal-operating-support-028
mb-internal-operating-support-031,Internal Operating Support Packet 031,master-bundle artifact / archive router,source governance build,4,4,yes,no,project_engines/mb-internal-operating-support-031/engine_spec.json,runner.html?project=mb-internal-operating-support-031
mb-internal-operating-support-032,Internal Operating Support Packet 032,master-bundle artifact / archive router,source governance build,4,4,yes,no,project_engines/mb-internal-operating-support-032/engine_spec.json,runner.html?project=mb-internal-operating-support-032
mb-internal-operating-support-035,Internal Operating Support Packet 035,master-bundle artifact / archive router,source governance build,4,4,yes,no,project_engines/mb-internal-operating-support-035/engine_spec.json,runner.html?project=mb-internal-operating-support-035
mb-internal-operating-support-036,Internal Operating Support Packet 036,master-bundle artifact / archive router,source governance build,4,4,yes,no,project_engines/mb-internal-operating-support-036/engine_spec.json,runner.html?project=mb-internal-operating-support-036
mb-muranoos-culinary-atelier-handoff-package-2026-04-15,Culinary Atelier,master-bundle artifact / archive router,software or application build,4,4,yes,no,project_engines/mb-muranoos-culinary-atelier-handoff-package-2026-04-15/engine_spec.json,runner.html?project=mb-muranoos-culinary-atelier-handoff-package-2026-04-15
mb-muranoos-redteam-tranche1-handoff-2026-04-15,Leanest pure-spec (16 KB); pages 11_OPEN_QUESTIONS,master-bundle artifact / archive router,software or application build,4,4,yes,no,project_engines/mb-muranoos-redteam-tranche1-handoff-2026-04-15/engine_spec.json,runner.html?project=mb-muranoos-redteam-tranche1-handoff-2026-04-15
mb-sophisticated-expression-lexicon-handoff,"50-entry curated arsenal (of planned 1,000)",master-bundle artifact / archive router,source governance build,4,4,yes,no,project_engines/mb-sophisticated-expression-lexicon-handoff/engine_spec.json,runner.html?project=mb-sophisticated-expression-lexicon-handoff
native-atanalysis,Analysis Tradecraft,structured analysis room,analytic instrument build,4,4,yes,no,project_engines/native-atanalysis/engine_spec.json,runner.html?project=native-atanalysis
native-cianalysis,Counterintelligence Analysis,structured analysis room,analytic instrument build,4,4,yes,no,project_engines/native-cianalysis/engine_spec.json,runner.html?project=native-cianalysis
native-cmanalysis,Collection Management Analysis,structured analysis room,analytic instrument build,4,4,yes,no,project_engines/native-cmanalysis/engine_spec.json,runner.html?project=native-cmanalysis
native-coanalysis,Counterintelligence Operations Analysis,structured analysis room,analytic instrument build,4,4,yes,no,project_engines/native-coanalysis/engine_spec.json,runner.html?project=native-coanalysis
native-cyanalysis,Cyber Analysis,structured analysis room,analytic instrument build,4,4,yes,no,project_engines/native-cyanalysis/engine_spec.json,runner.html?project=native-cyanalysis
native-ddianalysis,Directorate Analysis Method,structured analysis room,analytic instrument build,4,4,yes,no,project_engines/native-ddianalysis/engine_spec.json,runner.html?project=native-ddianalysis
native-etanalysis,Emerging Technology Analysis,structured analysis room,analytic instrument build,4,4,yes,no,project_engines/native-etanalysis/engine_spec.json,runner.html?project=native-etanalysis
native-fwanalysis,Foreign Warning Analysis,structured analysis room,analytic instrument build,4,4,yes,no,project_engines/native-fwanalysis/engine_spec.json,runner.html?project=native-fwanalysis
native-icanalysis,Intelligence Community Analysis,structured analysis room,analytic instrument build,4,4,yes,no,project_engines/native-icanalysis/engine_spec.json,runner.html?project=native-icanalysis
native-portfolio-index,Full Project Catalogue,archive / packet router,source governance build,4,4,yes,no,project_engines/native-portfolio-index/engine_spec.json,runner.html?project=native-portfolio-index
native-psanalysis,Political Strategy Analysis,structured analysis room,analytic instrument build,4,4,yes,no,project_engines/native-psanalysis/engine_spec.json,runner.html?project=native-psanalysis
personal-os,"Personal OS - MuranoOS, a personal operating system, local workbench, and project foundation",software operating environment,software or application build,4,4,yes,no,project_engines/personal-os/engine_spec.json,runner.html?project=personal-os
row8,Counter-Terror Analysis - 13-page counter-terror analytical narrative arc,structured analysis room,analytic instrument build,4,4,yes,no,project_engines/row8/engine_spec.json,runner.html?project=row8
mb-muranoos-lossless-room-master-handoff-v1,Room Master (constitution),master-bundle artifact / archive router,software or application build,4,4,yes,no,project_engines/mb-muranoos-lossless-room-master-handoff-v1/engine_spec.json,runner.html?project=mb-muranoos-lossless-room-master-handoff-v1
mb-murano-os-lossless-synthesis-room-handoff,Lossless Synthesis (Magnum Opus Scriptorium),master-bundle artifact / archive router,software or application build,4,4,yes,no,project_engines/mb-murano-os-lossless-synthesis-room-handoff/engine_spec.json,runner.html?project=mb-murano-os-lossless-synthesis-room-handoff
mb-comparative-genocide-systems-lab-handoff-v1-0,Comparative Genocide Systems Lab,master-bundle artifact / archive router,source governance build,4,4,yes,no,project_engines/mb-comparative-genocide-systems-lab-handoff-v1-0/engine_spec.json,runner.html?project=mb-comparative-genocide-systems-lab-handoff-v1-0
mb-muranoos-red-team-trancheii-handoff-2026-04-13,Surgical patch package; 12 live source snapshots + 4 patch-plane specs,master-bundle artifact / archive router,software or application build,4,4,yes,no,project_engines/mb-muranoos-red-team-trancheii-handoff-2026-04-13/engine_spec.json,runner.html?project=mb-muranoos-red-team-trancheii-handoff-2026-04-13
mb-redteamlab-proper-handoff-package-2026-04-14,Earliest pack; high-standard 3-column delta map,master-bundle artifact / archive router,source governance build,4,4,yes,no,project_engines/mb-redteamlab-proper-handoff-package-2026-04-14/engine_spec.json,runner.html?project=mb-redteamlab-proper-handoff-package-2026-04-14
mb-rfp-handoff-ch01-02-done,Chapter analysis pipeline: Chs 1 (Feklyunina) + 2 (Morozov),master-bundle artifact / archive router,manuscript and publication system,4,4,yes,no,project_engines/mb-rfp-handoff-ch01-02-done/engine_spec.json,runner.html?project=mb-rfp-handoff-ch01-02-done
red-team-lab,Red Team Lab - consolidated counter-deception lab across five authority roles,archive / packet router,source governance build,4,4,yes,no,project_engines/red-team-lab/engine_spec.json,runner.html?project=red-team-lab
mb-briefingforgeroom-handoff-pass4-done,Briefing Forge Room (code-ready),master-bundle artifact / archive router,source governance build,4,4,yes,no,project_engines/mb-briefingforgeroom-handoff-pass4-done/engine_spec.json,runner.html?project=mb-briefingforgeroom-handoff-pass4-done
mb-ci-ct-do-handoff-v1-1,"CI/CT DO tradecraft v1.1; SAT enumeration + 12 analyst templates (BLUF, ACH, ICD-203)",master-bundle artifact / archive router,source governance build,4,4,yes,no,project_engines/mb-ci-ct-do-handoff-v1-1/engine_spec.json,runner.html?project=mb-ci-ct-do-handoff-v1-1
mb-comparative-rhetoric-final,Warning Misleading name: all 24 files are 1-line title stubs (466 bytes total),master-bundle artifact / archive router,source governance build,4,4,yes,no,project_engines/mb-comparative-rhetoric-final/engine_spec.json,runner.html?project=mb-comparative-rhetoric-final
mb-fractal-keep-handoff-v1,Fractal Keep,master-bundle artifact / archive router,source governance build,4,4,yes,no,project_engines/mb-fractal-keep-handoff-v1/engine_spec.json,runner.html?project=mb-fractal-keep-handoff-v1
mb-infragard-handoff,InfraGard preparatory note (minimal),master-bundle artifact / archive router,software or application build,4,5,yes,no,project_engines/mb-infragard-handoff/engine_spec.json,runner.html?project=mb-infragard-handoff
mb-insinuationengineroom-handoff-done,Insinuation Engine,master-bundle artifact / archive router,software or application build,4,4,yes,no,project_engines/mb-insinuationengineroom-handoff-done/engine_spec.json,runner.html?project=mb-insinuationengineroom-handoff-done
mb-internal-operating-support-001,Internal Operating Support Packet 001,master-bundle artifact / archive router,source governance build,4,4,yes,no,project_engines/mb-internal-operating-support-001/engine_spec.json,runner.html?project=mb-internal-operating-support-001
mb-internal-operating-support-002,Internal Operating Support Packet 002,master-bundle artifact / archive router,source governance build,4,4,yes,no,project_engines/mb-internal-operating-support-002/engine_spec.json,runner.html?project=mb-internal-operating-support-002
mb-internal-operating-support-005,Internal Operating Support Packet 005,master-bundle artifact / archive router,source governance build,4,4,yes,no,project_engines/mb-internal-operating-support-005/engine_spec.json,runner.html?project=mb-internal-operating-support-005
mb-internal-operating-support-006,Internal Operating Support Packet 006,master-bundle artifact / archive router,source governance build,4,4,yes,no,project_engines/mb-internal-operating-support-006/engine_spec.json,runner.html?project=mb-internal-operating-support-006
mb-internal-operating-support-009,Internal Operating Support Packet 009,master-bundle artifact / archive router,source governance build,4,4,yes,no,project_engines/mb-internal-operating-support-009/engine_spec.json,runner.html?project=mb-internal-operating-support-009
mb-internal-operating-support-010,Internal Operating Support Packet 010,master-bundle artifact / archive router,source governance build,4,4,yes,no,project_engines/mb-internal-operating-support-010/engine_spec.json,runner.html?project=mb-internal-operating-support-010
mb-internal-operating-support-013,Internal Operating Support Packet 013,master-bundle artifact / archive router,source governance build,4,4,yes,no,project_engines/mb-internal-operating-support-013/engine_spec.json,runner.html?project=mb-internal-operating-support-013
mb-internal-operating-support-014,Internal Operating Support Packet 014,master-bundle artifact / archive router,source governance build,4,4,yes,no,project_engines/mb-internal-operating-support-014/engine_spec.json,runner.html?project=mb-internal-operating-support-014
mb-internal-operating-support-017,Internal Operating Support Packet 017,master-bundle artifact / archive router,source governance build,4,4,yes,no,project_engines/mb-internal-operating-support-017/engine_spec.json,runner.html?project=mb-internal-operating-support-017
mb-internal-operating-support-018,Internal Operating Support Packet 018,master-bundle artifact / archive router,source governance build,4,4,yes,no,project_engines/mb-internal-operating-support-018/engine_spec.json,runner.html?project=mb-internal-operating-support-018
mb-internal-operating-support-021,Internal Operating Support Packet 021,master-bundle artifact / archive router,source governance build,4,4,yes,no,project_engines/mb-internal-operating-support-021/engine_spec.json,runner.html?project=mb-internal-operating-support-021
mb-internal-operating-support-022,Internal Operating Support Packet 022,master-bundle artifact / archive router,source governance build,4,4,yes,no,project_engines/mb-internal-operating-support-022/engine_spec.json,runner.html?project=mb-internal-operating-support-022
mb-internal-operating-support-025,Internal Operating Support Packet 025,master-bundle artifact / archive router,source governance build,4,4,yes,no,project_engines/mb-internal-operating-support-025/engine_spec.json,runner.html?project=mb-internal-operating-support-025
mb-internal-operating-support-026,Internal Operating Support Packet 026,master-bundle artifact / archive router,source governance build,4,4,yes,no,project_engines/mb-internal-operating-support-026/engine_spec.json,runner.html?project=mb-internal-operating-support-026
mb-internal-operating-support-029,Internal Operating Support Packet 029,master-bundle artifact / archive router,source governance build,4,4,yes,no,project_engines/mb-internal-operating-support-029/engine_spec.json,runner.html?project=mb-internal-operating-support-029
mb-internal-operating-support-030,Internal Operating Support Packet 030,master-bundle artifact / archive router,source governance build,4,4,yes,no,project_engines/mb-internal-operating-support-030/engine_spec.json,runner.html?project=mb-internal-operating-support-030
mb-internal-operating-support-033,Internal Operating Support Packet 033,master-bundle artifact / archive router,source governance build,4,4,yes,no,project_engines/mb-internal-operating-support-033/engine_spec.json,runner.html?project=mb-internal-operating-support-033
mb-internal-operating-support-034,Internal Operating Support Packet 034,master-bundle artifact / archive router,source governance build,4,4,yes,no,project_engines/mb-internal-operating-support-034/engine_spec.json,runner.html?project=mb-internal-operating-support-034
mb-muranoos-red-team-build02-final-proper-handoff-2026-04-11,Only one WITHOUT the 802 KB nested archive; Build 02 scope,master-bundle artifact / archive router,software or application build,4,4,yes,no,project_engines/mb-muranoos-red-team-build02-final-proper-handoff-2026-04-11/engine_spec.json,runner.html?project=mb-muranoos-red-team-build02-final-proper-handoff-2026-04-11
mb-muranoos-red-team-continuation-handoff-2026-04-11,Smallest addendum wrapper; 5-surface Core Analytical Workflow,master-bundle artifact / archive router,software or application build,4,4,yes,no,project_engines/mb-muranoos-red-team-continuation-handoff-2026-04-11/engine_spec.json,runner.html?project=mb-muranoos-red-team-continuation-handoff-2026-04-11
mb-muranoos-red-team-continuation-handoff-2026-04-14,"Compact flat reference; 14 numbered authority docs; ""Workspace Depth I""",master-bundle artifact / archive router,software or application build,4,4,yes,no,project_engines/mb-muranoos-red-team-continuation-handoff-2026-04-14/engine_spec.json,runner.html?project=mb-muranoos-red-team-continuation-handoff-2026-04-14
mb-muranoos-red-team-execution-ready-handoff-archive-2026-04-11,Only one with Build_02-Build_05 sequenced operator guides,master-bundle artifact / archive router,software or application build,4,4,yes,no,project_engines/mb-muranoos-red-team-execution-ready-handoff-archive-2026-04-11/engine_spec.json,runner.html?project=mb-muranoos-red-team-execution-ready-handoff-archive-2026-04-11
mb-muranoos-red-team-fresh-handoff-2026-04-16,Cold-start bootstrap; 3-variant GPT upload prompt (analysis/impl/design),master-bundle artifact / archive router,software or application build,4,4,yes,no,project_engines/mb-muranoos-red-team-fresh-handoff-2026-04-16/engine_spec.json,runner.html?project=mb-muranoos-red-team-fresh-handoff-2026-04-16
mb-muranoos-red-team-handoff-execution-archive-2026-04-15,Adds Execution Charter + 7-gate acceptance + RT-01A/B/02/03/04 tracker,master-bundle artifact / archive router,software or application build,4,4,yes,no,project_engines/mb-muranoos-red-team-handoff-execution-archive-2026-04-15/engine_spec.json,runner.html?project=mb-muranoos-red-team-handoff-execution-archive-2026-04-15
mb-muranoos-red-team-handoff-package-gpt-synth-2026-04-18,"Smallest, pure-spec GPT bridge (9 files); 7-stage Ingest-Export workflow (breaks from red_team_* spine)",master-bundle artifact / archive router,software or application build,4,4,yes,no,project_engines/mb-muranoos-red-team-handoff-package-gpt-synth-2026-04-18/engine_spec.json,runner.html?project=mb-muranoos-red-team-handoff-package-gpt-synth-2026-04-18
mb-muranoos-red-team-handoff-package-ready-2026-04-11,Cleanest 2-folder (GOVERNING/DERIVED); archive kept zipped,master-bundle artifact / archive router,software or application build,4,4,yes,no,project_engines/mb-muranoos-red-team-handoff-package-ready-2026-04-11/engine_spec.json,runner.html?project=mb-muranoos-red-team-handoff-package-ready-2026-04-11
mb-muranoos-red-team-lab-continuation-handoff-pack-2026-04-14,Introduces Vivarium codename; contradiction-graph table,master-bundle artifact / archive router,software or application build,4,4,yes,no,project_engines/mb-muranoos-red-team-lab-continuation-handoff-pack-2026-04-14/engine_spec.json,runner.html?project=mb-muranoos-red-team-lab-continuation-handoff-pack-2026-04-14
mb-muranoos-red-team-lab-handoff-package-2026-04-17,"Largest consolidated (137 files); pre-merged Steps 3-7 bundles; ""Workspace Restore""",master-bundle artifact / archive router,software or application build,4,4,yes,no,project_engines/mb-muranoos-red-team-lab-handoff-package-2026-04-17/engine_spec.json,runner.html?project=mb-muranoos-red-team-lab-handoff-package-2026-04-17
mb-muranoos-red-team-phase-ii-handoff-2026-04-15,Smallest doc-pack; paired .md + .rs/.ts draft patches,master-bundle artifact / archive router,software or application build,4,4,yes,no,project_engines/mb-muranoos-red-team-phase-ii-handoff-2026-04-15/engine_spec.json,runner.html?project=mb-muranoos-red-team-phase-ii-handoff-2026-04-15
mb-muranoos-red-team-phase-iii-a-handoff-2026-04-11,"Only one with Shadi_SAT_Seed.json + ""Phase III-A"" naming",master-bundle artifact / archive router,software or application build,4,4,yes,no,project_engines/mb-muranoos-red-team-phase-iii-a-handoff-2026-04-11/engine_spec.json,runner.html?project=mb-muranoos-red-team-phase-iii-a-handoff-2026-04-11
mb-muranoos-red-team-phaseii-handoff-2026-04-14,Posture Compass 5-axis instrument; framing_tensions/rival_framing columns,master-bundle artifact / archive router,software or application build,4,4,yes,no,project_engines/mb-muranoos-red-team-phaseii-handoff-2026-04-14/engine_spec.json,runner.html?project=mb-muranoos-red-team-phaseii-handoff-2026-04-14
mb-muranoos-red-team-proper-handoff-2026-04-14,"Strictest 4-quadrant authority layer; ""Durable Workspace Core""",master-bundle artifact / archive router,software or application build,4,4,yes,no,project_engines/mb-muranoos-red-team-proper-handoff-2026-04-14/engine_spec.json,runner.html?project=mb-muranoos-red-team-proper-handoff-2026-04-14
mb-muranoos-red-team-proper-handoff-2026-04-15,Triple-layer (zip+tree+addendum); 3-pass ledger,master-bundle artifact / archive router,software or application build,4,4,yes,no,project_engines/mb-muranoos-red-team-proper-handoff-2026-04-15/engine_spec.json,runner.html?project=mb-muranoos-red-team-proper-handoff-2026-04-15
mb-muranoos-red-team-proper-handoff-archive-2026-04-13,First fully-exploded Master_Package tree; Baltic Grey Zone materials,master-bundle artifact / archive router,software or application build,4,4,yes,no,project_engines/mb-muranoos-red-team-proper-handoff-archive-2026-04-13/engine_spec.json,runner.html?project=mb-muranoos-red-team-proper-handoff-archive-2026-04-13
mb-muranoos-red-team-proper-handoff-archive-2026-04-15,Largest (148 files); replay_overlay/ pinned to HEAD 039f2cd...; deterministic replay,master-bundle artifact / archive router,software or application build,4,4,yes,no,project_engines/mb-muranoos-red-team-proper-handoff-archive-2026-04-15/engine_spec.json,runner.html?project=mb-muranoos-red-team-proper-handoff-archive-2026-04-15
mb-muranoos-red-team-proper-handoff-package-2026-04-11,Only one with 07_Derivative_Handoff/; richest SQL DDL,master-bundle artifact / archive router,software or application build,4,4,yes,no,project_engines/mb-muranoos-red-team-proper-handoff-package-2026-04-11/engine_spec.json,runner.html?project=mb-muranoos-red-team-proper-handoff-package-2026-04-11
mb-muranoos-red-team-proper-handoff-packet-2026-04-11,"Smallest implementation-sufficient; flat 14-doc root; ""RT_PHASE_II_PLUS_WORKFLOW_A""",master-bundle artifact / archive router,software or application build,4,4,yes,no,project_engines/mb-muranoos-red-team-proper-handoff-packet-2026-04-11/engine_spec.json,runner.html?project=mb-muranoos-red-team-proper-handoff-packet-2026-04-11
mb-muranoos-red-team-proper-handoff-pass-02-done,Judgment/status pass; L-01..L-04 non-blocking limitations,master-bundle artifact / archive router,software or application build,4,4,yes,no,project_engines/mb-muranoos-red-team-proper-handoff-pass-02-done/engine_spec.json,runner.html?project=mb-muranoos-red-team-proper-handoff-pass-02-done
mb-muranoos-red-team-proper-handoff-pass1-2026-04-15,"specs/ folder: Rust param structs, SQL DDL, TS workspace contract; ""Analytical Core Expansion A""",master-bundle artifact / archive router,software or application build,4,4,yes,no,project_engines/mb-muranoos-red-team-proper-handoff-pass1-2026-04-15/engine_spec.json,runner.html?project=mb-muranoos-red-team-proper-handoff-pass1-2026-04-15
mb-muranoos-red-team-proper-handoff-zip-2026-04-11,Committed Step 1 patch: unified diff + bundled zip + 8 Tauri commands,master-bundle artifact / archive router,software or application build,4,4,yes,no,project_engines/mb-muranoos-red-team-proper-handoff-zip-2026-04-11/engine_spec.json,runner.html?project=mb-muranoos-red-team-proper-handoff-zip-2026-04-11
mb-muranoos-red-team-refraction-chamber-final-handoff-2026-04-14,Terminal packaging; full Refraction Chamber world design; --rt-* CSS namespace,master-bundle artifact / archive router,software or application build,4,4,yes,no,project_engines/mb-muranoos-red-team-refraction-chamber-final-handoff-2026-04-14/engine_spec.json,runner.html?project=mb-muranoos-red-team-refraction-chamber-final-handoff-2026-04-14
mb-muranoos-red-team-tranche-alpha-handoff-2026-04-14,Actual code patch: 170 KB unified diff + changed files,master-bundle artifact / archive router,software or application build,4,4,yes,no,project_engines/mb-muranoos-red-team-tranche-alpha-handoff-2026-04-14/engine_spec.json,runner.html?project=mb-muranoos-red-team-tranche-alpha-handoff-2026-04-14
mb-muranoos-red-team-tranche-ii-handoff-pack-2026-04-15,"Most self-contained; ""Analytical Memory and Provenance Spine""; 14 new commands",master-bundle artifact / archive router,software or application build,4,4,yes,no,project_engines/mb-muranoos-red-team-tranche-ii-handoff-pack-2026-04-15/engine_spec.json,runner.html?project=mb-muranoos-red-team-tranche-ii-handoff-pack-2026-04-15
mb-muranoos-red-team-tranche1-handoff-package-2026-04-11,Leanest blueprint-only; only with named rollback doc,master-bundle artifact / archive router,software or application build,4,4,yes,no,project_engines/mb-muranoos-red-team-tranche1-handoff-package-2026-04-11/engine_spec.json,runner.html?project=mb-muranoos-red-team-tranche1-handoff-package-2026-04-11
mb-muranoos-redteam-rc1-2026-04-14,RC1 wrapper; front-loaded 00_RC_Handoff/,master-bundle artifact / archive router,software or application build,4,4,yes,no,project_engines/mb-muranoos-redteam-rc1-2026-04-14/engine_spec.json,runner.html?project=mb-muranoos-redteam-rc1-2026-04-14
mb-muranoos-redteamlab-handoff-package-v1,Stub TSX/Rust + Blocker Register + Assumption Quarantine Ledger,master-bundle artifact / archive router,software or application build,4,4,yes,no,project_engines/mb-muranoos-redteamlab-handoff-package-v1/engine_spec.json,runner.html?project=mb-muranoos-redteamlab-handoff-package-v1
mb-muranoos-redteamlab-proper-handoff-package-2026-04-11,"Frozen ""Durable Analytical Core""; 12/13-field models per surface",master-bundle artifact / archive router,software or application build,4,4,yes,no,project_engines/mb-muranoos-redteamlab-proper-handoff-package-2026-04-11/engine_spec.json,runner.html?project=mb-muranoos-redteamlab-proper-handoff-package-2026-04-11
mb-wargaming-handoff-pass1,Full portfolio build: 2 casefiles + 8-work product wargame product + 7 interview drills,master-bundle artifact / archive router,source governance build,4,4,yes,no,project_engines/mb-wargaming-handoff-pass1/engine_spec.json,runner.html?project=mb-wargaming-handoff-pass1
native-applied-history-lab,Applied History Lab,archive / packet router,source governance build,4,4,yes,no,project_engines/native-applied-history-lab/engine_spec.json,runner.html?project=native-applied-history-lab
native-emt,Emergency Triage Simulator,operational simulation / planning tool,source governance build,4,3,yes,no,project_engines/native-emt/engine_spec.json,runner.html?project=native-emt
native-habitat,Volunteer Build-Day Coordination,operational simulation / planning tool,source governance build,4,3,yes,no,project_engines/native-habitat/engine_spec.json,runner.html?project=native-habitat
native-master-bundle-pages,Master Bundle Pages,archive / packet router,source governance build,4,4,yes,no,project_engines/native-master-bundle-pages/engine_spec.json,runner.html?project=native-master-bundle-pages
native-pharm,Vaccine Distribution Planner,operational simulation / planning tool,source governance build,4,3,yes,no,project_engines/native-pharm/engine_spec.json,runner.html?project=native-pharm
native-respite,Recovery Respite Facility Operations,operational simulation / planning tool,source governance build,4,3,yes,no,project_engines/native-respite/engine_spec.json,runner.html?project=native-respite
native-uscri,Refugee Resettlement Resource Allocation,operational simulation / planning tool,source governance build,4,3,yes,no,project_engines/native-uscri/engine_spec.json,runner.html?project=native-uscri
project-hardening,"Quality Review - checking project claims against evidence, scope, and readiness",public project blueprint,source governance build,4,3,yes,no,project_engines/project-hardening/engine_spec.json,runner.html?project=project-hardening
mb-ci-red-cell-handoff,CI red-cell methods reference architecture (post-integrity-correction rebuild),master-bundle artifact / archive router,analytic instrument build,4,4,yes,no,project_engines/mb-ci-red-cell-handoff/engine_spec.json,runner.html?project=mb-ci-red-cell-handoff
mb-glass-hearth-muranoos-handoff-package-2026-04-15,Glass Hearth,master-bundle artifact / archive router,software or application build,4,4,yes,no,project_engines/mb-glass-hearth-muranoos-handoff-package-2026-04-15/engine_spec.json,runner.html?project=mb-glass-hearth-muranoos-handoff-package-2026-04-15
mb-murano-chamber-handoff,Chamber of Refractions,master-bundle artifact / archive router,software or application build,4,4,yes,no,project_engines/mb-murano-chamber-handoff/engine_spec.json,runner.html?project=mb-murano-chamber-handoff
mb-murano-chamber-of-record-handoff,Chamber of Record,master-bundle artifact / archive router,software or application build,4,4,yes,no,project_engines/mb-murano-chamber-of-record-handoff/engine_spec.json,runner.html?project=mb-murano-chamber-of-record-handoff
mb-murano-codex-prism-handoff-v1,Codex Prism,master-bundle artifact / archive router,software or application build,4,4,yes,no,project_engines/mb-murano-codex-prism-handoff-v1/engine_spec.json,runner.html?project=mb-murano-codex-prism-handoff-v1
mb-murano-house-of-light-and-doom-handoff-v1,House of Light and Doom,master-bundle artifact / archive router,software or application build,4,4,yes,no,project_engines/mb-murano-house-of-light-and-doom-handoff-v1/engine_spec.json,runner.html?project=mb-murano-house-of-light-and-doom-handoff-v1
mb-murano-os-annealed-refraction-chamber-handoff-done,Annealed Refraction Chamber,master-bundle artifact / archive router,software or application build,4,4,yes,no,project_engines/mb-murano-os-annealed-refraction-chamber-handoff-done/engine_spec.json,runner.html?project=mb-murano-os-annealed-refraction-chamber-handoff-done
mb-murano-os-glass-station-handoff,Glass Station,master-bundle artifact / archive router,software or application build,4,4,yes,no,project_engines/mb-murano-os-glass-station-handoff/engine_spec.json,runner.html?project=mb-murano-os-glass-station-handoff
mb-murano-os-handoff-2026,Doctrine Forge Codex,master-bundle artifact / archive router,software or application build,4,4,yes,no,project_engines/mb-murano-os-handoff-2026/engine_spec.json,runner.html?project=mb-murano-os-handoff-2026
mb-murano-os-lossless-study-room-handoff,Lossless Study Room,master-bundle artifact / archive router,software or application build,4,4,yes,no,project_engines/mb-murano-os-lossless-study-room-handoff/engine_spec.json,runner.html?project=mb-murano-os-lossless-study-room-handoff
mb-murano-os-prism-foundry-handoff,Prism Foundry,master-bundle artifact / archive router,software or application build,4,4,yes,no,project_engines/mb-murano-os-prism-foundry-handoff/engine_spec.json,runner.html?project=mb-murano-os-prism-foundry-handoff
mb-murano-os-prism-scriptorium-handoff-v1,Prism Scriptorium,master-bundle artifact / archive router,software or application build,4,4,yes,no,project_engines/mb-murano-os-prism-scriptorium-handoff-v1/engine_spec.json,runner.html?project=mb-murano-os-prism-scriptorium-handoff-v1
mb-murano-os-rhetorium-proper-handoff-done-v1,Rhetorium,master-bundle artifact / archive router,software or application build,4,4,yes,no,project_engines/mb-murano-os-rhetorium-proper-handoff-done-v1/engine_spec.json,runner.html?project=mb-murano-os-rhetorium-proper-handoff-done-v1
mb-murano-os-warrant-chamber-handoff-v1,Warrant Chamber,master-bundle artifact / archive router,software or application build,4,4,yes,no,project_engines/mb-murano-os-warrant-chamber-handoff-v1/engine_spec.json,runner.html?project=mb-murano-os-warrant-chamber-handoff-v1
mb-murano-prismatic-agora-handoff-v1-0-done,Prismatic Agora,master-bundle artifact / archive router,software or application build,4,4,yes,no,project_engines/mb-murano-prismatic-agora-handoff-v1-0-done/engine_spec.json,runner.html?project=mb-murano-prismatic-agora-handoff-v1-0-done
mb-murano-reflexive-control-chamber-pass3,Reflexive Control Chamber,master-bundle artifact / archive router,software or application build,4,4,yes,no,project_engines/mb-murano-reflexive-control-chamber-pass3/engine_spec.json,runner.html?project=mb-murano-reflexive-control-chamber-pass3
mb-murano-room-handoff-v1,Room template v1,master-bundle artifact / archive router,software or application build,4,4,yes,no,project_engines/mb-murano-room-handoff-v1/engine_spec.json,runner.html?project=mb-murano-room-handoff-v1
mb-murano-speechcraft-studio-handoff,Speechcraft Studio,master-bundle artifact / archive router,software or application build,4,4,yes,no,project_engines/mb-murano-speechcraft-studio-handoff/engine_spec.json,runner.html?project=mb-murano-speechcraft-studio-handoff
mb-muranoos-bias-atlas-conversation-to-murano-handoff-archive-2026-04-11,Bias Atlas,master-bundle artifact / archive router,software or application build,4,4,yes,no,project_engines/mb-muranoos-bias-atlas-conversation-to-murano-handoff-archive-2026-04-11/engine_spec.json,runner.html?project=mb-muranoos-bias-atlas-conversation-to-murano-handoff-archive-2026-04-11
mb-muranoos-briefing-forge-proper-handoff-archive-2026-04-14,Briefing Forge,master-bundle artifact / archive router,software or application build,4,4,yes,no,project_engines/mb-muranoos-briefing-forge-proper-handoff-archive-2026-04-14/engine_spec.json,runner.html?project=mb-muranoos-briefing-forge-proper-handoff-archive-2026-04-14
mb-muranoos-dialectic-lab-handoff-pack-pass-2-2026-04-15,Dialectic Lab,master-bundle artifact / archive router,software or application build,4,4,yes,no,project_engines/mb-muranoos-dialectic-lab-handoff-pack-pass-2-2026-04-15/engine_spec.json,runner.html?project=mb-muranoos-dialectic-lab-handoff-pack-pass-2-2026-04-15
mb-muranoos-failure-doctrine-lab-handoff-pack-2026-04-11,Failure Doctrine Lab,master-bundle artifact / archive router,software or application build,4,4,yes,no,project_engines/mb-muranoos-failure-doctrine-lab-handoff-pack-2026-04-11/engine_spec.json,runner.html?project=mb-muranoos-failure-doctrine-lab-handoff-pack-2026-04-11
mb-muranoos-fifth-dimension-lossless-continuation-archive-2026-04-13,Fifth Dimension,master-bundle artifact / archive router,software or application build,4,4,yes,no,project_engines/mb-muranoos-fifth-dimension-lossless-continuation-archive-2026-04-13/engine_spec.json,runner.html?project=mb-muranoos-fifth-dimension-lossless-continuation-archive-2026-04-13
mb-muranoos-glass-scriptorium-proper-handoff-archive-2026-04-11,Glass Scriptorium,master-bundle artifact / archive router,software or application build,4,4,yes,no,project_engines/mb-muranoos-glass-scriptorium-proper-handoff-archive-2026-04-11/engine_spec.json,runner.html?project=mb-muranoos-glass-scriptorium-proper-handoff-archive-2026-04-11
mb-muranoos-glassworksofcorrespondence-handoff-v0-1,Glassworks of Correspondence,master-bundle artifact / archive router,software or application build,4,4,yes,no,project_engines/mb-muranoos-glassworksofcorrespondence-handoff-v0-1/engine_spec.json,runner.html?project=mb-muranoos-glassworksofcorrespondence-handoff-v0-1
mb-muranoos-handoff-pack-v3-1,* META: the Protocol v3.1 itself - consumed by every MuranoOS room handoff,master-bundle artifact / archive router,software or application build,4,4,yes,no,project_engines/mb-muranoos-handoff-pack-v3-1/engine_spec.json,runner.html?project=mb-muranoos-handoff-pack-v3-1
mb-muranoos-handoff-pass3-done,CI Tradecraft Chamber,master-bundle artifact / archive router,software or application build,4,4,yes,no,project_engines/mb-muranoos-handoff-pass3-done/engine_spec.json,runner.html?project=mb-muranoos-handoff-pass3-done
mb-muranoos-human-terrain-statecraft-proper-handoff-archive-v1-0,Human Terrain & Statecraft,master-bundle artifact / archive router,software or application build,4,4,yes,no,project_engines/mb-muranoos-human-terrain-statecraft-proper-handoff-archive-v1-0/engine_spec.json,runner.html?project=mb-muranoos-human-terrain-statecraft-proper-handoff-archive-v1-0
mb-muranoos-prism-chamber-murano-ready-package-2026-04-14,Prism Chamber,master-bundle artifact / archive router,software or application build,4,4,yes,no,project_engines/mb-muranoos-prism-chamber-murano-ready-package-2026-04-14/engine_spec.json,runner.html?project=mb-muranoos-prism-chamber-murano-ready-package-2026-04-14
mb-muranoos-script-atelier-handoff-package-v0-2026-04-17,Script Atelier (v0),master-bundle artifact / archive router,software or application build,4,4,yes,no,project_engines/mb-muranoos-script-atelier-handoff-package-v0-2026-04-17/engine_spec.json,runner.html?project=mb-muranoos-script-atelier-handoff-package-v0-2026-04-17
mb-muranoos-the-interval-handoff-v0-1,The Interval (remote violence),master-bundle artifact / archive router,software or application build,4,4,yes,no,project_engines/mb-muranoos-the-interval-handoff-v0-1/engine_spec.json,runner.html?project=mb-muranoos-the-interval-handoff-v0-1
mb-muranoos-tradecraft-foundry-handoff-package-2026-04-11,Tradecraft Foundry,master-bundle artifact / archive router,software or application build,4,4,yes,no,project_engines/mb-muranoos-tradecraft-foundry-handoff-package-2026-04-11/engine_spec.json,runner.html?project=mb-muranoos-tradecraft-foundry-handoff-package-2026-04-11
mb-muranoos-western-myth-codex-phase-i-stub-pack,Western Myth Codex,master-bundle artifact / archive router,software or application build,4,4,yes,no,project_engines/mb-muranoos-western-myth-codex-phase-i-stub-pack/engine_spec.json,runner.html?project=mb-muranoos-western-myth-codex-phase-i-stub-pack
